source,diac_count,num_sentences,pct,num_sentences_no_tanween,pct_no_tanween
1001,0,945.0,82.53,1145.0,100.0
1001,1,150.0,13.1,0.0,0.0
1001,2,40.0,3.49,0.0,0.0
1001,3,10.0,0.87,0.0,0.0
ALC,0,541.0,74.42,649.0,89.27
ALC,1,110.0,15.13,34.0,4.68
ALC,2,29.0,3.99,10.0,1.38
ALC,3,13.0,1.79,3.0,0.41
ALC,4,7.0,0.96,8.0,1.1
ALC,5,6.0,0.83,6.0,0.83
ALC,6,10.0,1.38,6.0,0.83
ALC,7,0.0,0.0,1.0,0.14
ALC,8,5.0,0.69,5.0,0.69
ALC,9,1.0,0.14,1.0,0.14
ALC,10,2.0,0.28,1.0,0.14
ALC,11,2.0,0.28,2.0,0.28
ALC,17,1.0,0.14,1.0,0.14
ANERCorp,0,4361.0,89.04,4667.0,95.28
ANERCorp,1,287.0,5.86,134.0,2.74
ANERCorp,2,118.0,2.41,52.0,1.06
ANERCorp,3,59.0,1.2,19.0,0.39
ANERCorp,4,31.0,0.63,11.0,0.22
ANERCorp,5,11.0,0.22,6.0,0.12
ANERCorp,6,14.0,0.29,6.0,0.12
ANERCorp,7,6.0,0.12,2.0,0.04
ANERCorp,8,5.0,0.1,0.0,0.0
ANERCorp,9,1.0,0.02,0.0,0.0
ANERCorp,10,3.0,0.06,0.0,0.0
ANERCorp,11,1.0,0.02,0.0,0.0
ANERCorp,47,0.0,0.0,1.0,0.02
ANERCorp,48,1.0,0.02,0.0,0.0
APCD,0,10136.0,30.65,12599.0,38.09
APCD,1,3412.0,10.32,2082.0,6.29
APCD,2,1721.0,5.2,1363.0,4.12
APCD,3,1114.0,3.37,962.0,2.91
APCD,4,857.0,2.59,828.0,2.5
APCD,5,753.0,2.28,728.0,2.2
APCD,6,718.0,2.17,695.0,2.1
APCD,7,688.0,2.08,741.0,2.24
APCD,8,694.0,2.1,683.0,2.07
APCD,9,701.0,2.12,668.0,2.02
APCD,10,698.0,2.11,712.0,2.15
APCD,11,673.0,2.03,646.0,1.95
APCD,12,642.0,1.94,619.0,1.87
APCD,13,590.0,1.78,562.0,1.7
APCD,14,568.0,1.72,586.0,1.77
APCD,15,565.0,1.71,604.0,1.83
APCD,16,556.0,1.68,659.0,1.99
APCD,17,639.0,1.93,709.0,2.14
APCD,18,658.0,1.99,742.0,2.24
APCD,19,754.0,2.28,888.0,2.68
APCD,20,817.0,2.47,863.0,2.61
APCD,21,837.0,2.53,839.0,2.54
APCD,22,889.0,2.69,822.0,2.49
APCD,23,819.0,2.48,711.0,2.15
APCD,24,670.0,2.03,497.0,1.5
APCD,25,572.0,1.73,383.0,1.16
APCD,26,417.0,1.26,286.0,0.86
APCD,27,314.0,0.95,203.0,0.61
APCD,28,196.0,0.59,110.0,0.33
APCD,29,124.0,0.37,95.0,0.29
APCD,30,81.0,0.24,54.0,0.16
APCD,31,57.0,0.17,37.0,0.11
APCD,32,37.0,0.11,27.0,0.08
APCD,33,38.0,0.11,23.0,0.07
APCD,34,30.0,0.09,24.0,0.07
APCD,35,19.0,0.06,12.0,0.04
APCD,36,9.0,0.03,5.0,0.02
APCD,37,4.0,0.01,4.0,0.01
APCD,38,8.0,0.02,4.0,0.01
Akhbarona,0,15267.0,79.91,17107.0,89.54
Akhbarona,1,1859.0,9.73,847.0,4.43
Akhbarona,2,772.0,4.04,326.0,1.71
Akhbarona,3,334.0,1.75,125.0,0.65
Akhbarona,4,170.0,0.89,99.0,0.52
Akhbarona,5,81.0,0.42,58.0,0.3
Akhbarona,6,67.0,0.35,34.0,0.18
Akhbarona,7,44.0,0.23,38.0,0.2
Akhbarona,8,27.0,0.14,30.0,0.16
Akhbarona,9,20.0,0.1,12.0,0.06
Akhbarona,10,26.0,0.14,29.0,0.15
Akhbarona,11,19.0,0.1,15.0,0.08
Akhbarona,12,24.0,0.13,6.0,0.03
Akhbarona,13,14.0,0.07,20.0,0.1
Akhbarona,14,20.0,0.1,13.0,0.07
Akhbarona,15,15.0,0.08,16.0,0.08
Akhbarona,16,10.0,0.05,11.0,0.06
Akhbarona,17,13.0,0.07,11.0,0.06
Akhbarona,18,11.0,0.06,12.0,0.06
Akhbarona,19,12.0,0.06,12.0,0.06
Akhbarona,20,12.0,0.06,8.0,0.04
Akhbarona,21,12.0,0.06,12.0,0.06
Akhbarona,22,5.0,0.03,4.0,0.02
Akhbarona,23,9.0,0.05,7.0,0.04
Akhbarona,24,10.0,0.05,6.0,0.03
Akhbarona,25,3.0,0.02,6.0,0.03
Akhbarona,26,1.0,0.01,3.0,0.02
Akhbarona,27,7.0,0.04,7.0,0.04
Akhbarona,28,7.0,0.04,9.0,0.05
Akhbarona,29,6.0,0.03,2.0,0.01
Akhbarona,30,2.0,0.01,9.0,0.05
Akhbarona,31,5.0,0.03,3.0,0.02
Akhbarona,32,6.0,0.03,1.0,0.01
Akhbarona,33,5.0,0.03,7.0,0.04
Akhbarona,34,7.0,0.04,5.0,0.03
Akhbarona,35,4.0,0.02,5.0,0.03
Akhbarona,36,4.0,0.02,7.0,0.04
Akhbarona,37,9.0,0.05,5.0,0.03
Akhbarona,38,3.0,0.02,2.0,0.01
Akhbarona,39,4.0,0.02,4.0,0.02
Akhbarona,40,6.0,0.03,6.0,0.03
Akhbarona,41,6.0,0.03,12.0,0.06
Akhbarona,42,5.0,0.03,2.0,0.01
Akhbarona,43,6.0,0.03,4.0,0.02
Akhbarona,44,2.0,0.01,2.0,0.01
Akhbarona,45,0.0,0.0,1.0,0.01
Akhbarona,46,5.0,0.03,3.0,0.02
Akhbarona,47,4.0,0.02,5.0,0.03
Akhbarona,48,2.0,0.01,2.0,0.01
Akhbarona,49,3.0,0.02,3.0,0.02
Akhbarona,50,2.0,0.01,6.0,0.03
Akhbarona,51,6.0,0.03,1.0,0.01
Akhbarona,52,2.0,0.01,3.0,0.02
Akhbarona,53,4.0,0.02,2.0,0.01
Akhbarona,54,2.0,0.01,3.0,0.02
Akhbarona,55,2.0,0.01,2.0,0.01
Akhbarona,56,1.0,0.01,1.0,0.01
Akhbarona,57,0.0,0.0,2.0,0.01
Akhbarona,58,5.0,0.03,2.0,0.01
Akhbarona,59,1.0,0.01,2.0,0.01
Akhbarona,60,3.0,0.02,3.0,0.02
Akhbarona,61,1.0,0.01,2.0,0.01
Akhbarona,62,1.0,0.01,1.0,0.01
Akhbarona,63,4.0,0.02,0.0,0.0
Akhbarona,64,2.0,0.01,3.0,0.02
Akhbarona,65,3.0,0.02,2.0,0.01
Akhbarona,66,1.0,0.01,2.0,0.01
Akhbarona,67,1.0,0.01,0.0,0.0
Akhbarona,68,0.0,0.0,3.0,0.02
Akhbarona,69,2.0,0.01,2.0,0.01
Akhbarona,70,7.0,0.04,3.0,0.02
Akhbarona,71,2.0,0.01,2.0,0.01
Akhbarona,72,0.0,0.0,2.0,0.01
Akhbarona,73,2.0,0.01,1.0,0.01
Akhbarona,74,1.0,0.01,3.0,0.02
Akhbarona,75,2.0,0.01,2.0,0.01
Akhbarona,76,2.0,0.01,3.0,0.02
Akhbarona,77,3.0,0.02,2.0,0.01
Akhbarona,78,4.0,0.02,1.0,0.01
Akhbarona,79,1.0,0.01,1.0,0.01
Akhbarona,80,2.0,0.01,2.0,0.01
Akhbarona,81,0.0,0.0,3.0,0.02
Akhbarona,82,1.0,0.01,1.0,0.01
Akhbarona,83,1.0,0.01,1.0,0.01
Akhbarona,84,3.0,0.02,0.0,0.0
Akhbarona,85,2.0,0.01,2.0,0.01
Akhbarona,87,1.0,0.01,0.0,0.0
Akhbarona,88,1.0,0.01,0.0,0.0
Akhbarona,89,0.0,0.0,3.0,0.02
Akhbarona,90,1.0,0.01,3.0,0.02
Akhbarona,91,2.0,0.01,0.0,0.0
Akhbarona,92,3.0,0.02,0.0,0.0
Akhbarona,93,1.0,0.01,1.0,0.01
Akhbarona,94,0.0,0.0,1.0,0.01
Akhbarona,95,0.0,0.0,2.0,0.01
Akhbarona,96,1.0,0.01,2.0,0.01
Akhbarona,97,1.0,0.01,2.0,0.01
Akhbarona,98,1.0,0.01,1.0,0.01
Akhbarona,99,1.0,0.01,0.0,0.0
Akhbarona,100,1.0,0.01,1.0,0.01
Akhbarona,101,1.0,0.01,1.0,0.01
Akhbarona,102,2.0,0.01,0.0,0.0
Akhbarona,103,2.0,0.01,2.0,0.01
Akhbarona,105,1.0,0.01,0.0,0.0
Akhbarona,108,1.0,0.01,3.0,0.02
Akhbarona,110,0.0,0.0,1.0,0.01
Akhbarona,111,3.0,0.02,1.0,0.01
Akhbarona,112,2.0,0.01,0.0,0.0
Akhbarona,113,1.0,0.01,0.0,0.0
Akhbarona,115,1.0,0.01,1.0,0.01
Akhbarona,123,0.0,0.0,1.0,0.01
Akhbarona,126,0.0,0.0,3.0,0.02
Akhbarona,127,1.0,0.01,0.0,0.0
Akhbarona,128,0.0,0.0,1.0,0.01
Akhbarona,129,1.0,0.01,1.0,0.01
Akhbarona,130,0.0,0.0,1.0,0.01
Akhbarona,131,1.0,0.01,0.0,0.0
Akhbarona,132,1.0,0.01,0.0,0.0
Akhbarona,133,0.0,0.0,1.0,0.01
Akhbarona,134,3.0,0.02,0.0,0.0
Akhbarona,136,1.0,0.01,0.0,0.0
Akhbarona,138,0.0,0.0,1.0,0.01
Akhbarona,139,0.0,0.0,1.0,0.01
Akhbarona,141,1.0,0.01,0.0,0.0
Akhbarona,142,0.0,0.0,3.0,0.02
Akhbarona,143,1.0,0.01,0.0,0.0
Akhbarona,144,0.0,0.0,1.0,0.01
Akhbarona,146,1.0,0.01,0.0,0.0
Akhbarona,147,1.0,0.01,0.0,0.0
Akhbarona,148,2.0,0.01,0.0,0.0
Akhbarona,150,0.0,0.0,1.0,0.01
Akhbarona,152,0.0,0.0,1.0,0.01
Akhbarona,153,1.0,0.01,1.0,0.01
Akhbarona,155,1.0,0.01,0.0,0.0
Akhbarona,159,1.0,0.01,0.0,0.0
Akhbarona,163,0.0,0.0,1.0,0.01
Akhbarona,166,0.0,0.0,1.0,0.01
Akhbarona,170,1.0,0.01,0.0,0.0
Akhbarona,174,1.0,0.01,0.0,0.0
Akhbarona,176,0.0,0.0,1.0,0.01
Akhbarona,181,1.0,0.01,0.0,0.0
Akhbarona,194,0.0,0.0,1.0,0.01
Akhbarona,195,0.0,0.0,1.0,0.01
Akhbarona,200,1.0,0.01,0.0,0.0
Akhbarona,207,0.0,0.0,1.0,0.01
Akhbarona,213,0.0,0.0,2.0,0.01
Akhbarona,216,3.0,0.02,0.0,0.0
Akhbarona,217,1.0,0.01,0.0,0.0
Akhbarona,247,0.0,0.0,4.0,0.02
Akhbarona,249,1.0,0.01,0.0,0.0
Akhbarona,251,1.0,0.01,0.0,0.0
Akhbarona,258,2.0,0.01,0.0,0.0
Akhbarona,267,0.0,0.0,1.0,0.01
Akhbarona,271,1.0,0.01,0.0,0.0
Akhbarona,301,0.0,0.0,1.0,0.01
Akhbarona,306,0.0,0.0,1.0,0.01
Akhbarona,307,1.0,0.01,0.0,0.0
Akhbarona,316,1.0,0.01,0.0,0.0
Akhbarona,341,0.0,0.0,1.0,0.01
Akhbarona,360,1.0,0.01,0.0,0.0
Akhbarona,450,0.0,0.0,1.0,0.01
Akhbarona,469,1.0,0.01,0.0,0.0
Akhbarona,548,0.0,0.0,1.0,0.01
Akhbarona,575,1.0,0.01,0.0,0.0
Akhbarona,1586,0.0,0.0,1.0,0.01
Akhbarona,1654,1.0,0.01,0.0,0.0
AlArabiya,0,12932.0,72.91,16354.0,92.21
AlArabiya,1,2824.0,15.92,897.0,5.06
AlArabiya,2,1189.0,6.7,270.0,1.52
AlArabiya,3,439.0,2.48,92.0,0.52
AlArabiya,4,192.0,1.08,59.0,0.33
AlArabiya,5,70.0,0.39,24.0,0.14
AlArabiya,6,43.0,0.24,17.0,0.1
AlArabiya,7,18.0,0.1,12.0,0.07
AlArabiya,8,13.0,0.07,3.0,0.02
AlArabiya,9,4.0,0.02,1.0,0.01
AlArabiya,10,3.0,0.02,2.0,0.01
AlArabiya,11,2.0,0.01,1.0,0.01
AlArabiya,12,3.0,0.02,2.0,0.01
AlArabiya,13,2.0,0.01,0.0,0.0
AlArabiya,16,0.0,0.0,1.0,0.01
AlArabiya,27,1.0,0.01,0.0,0.0
AlArabiya,48,1.0,0.01,1.0,0.01
AlKhaleej,0,20747.0,66.12,29159.0,92.93
AlKhaleej,1,5688.0,18.13,1173.0,3.74
AlKhaleej,2,2433.0,7.75,439.0,1.4
AlKhaleej,3,1119.0,3.57,185.0,0.59
AlKhaleej,4,569.0,1.81,92.0,0.29
AlKhaleej,5,252.0,0.8,49.0,0.16
AlKhaleej,6,151.0,0.48,25.0,0.08
AlKhaleej,7,81.0,0.26,16.0,0.05
AlKhaleej,8,44.0,0.14,20.0,0.06
AlKhaleej,9,32.0,0.1,12.0,0.04
AlKhaleej,10,31.0,0.1,12.0,0.04
AlKhaleej,11,20.0,0.06,10.0,0.03
AlKhaleej,12,16.0,0.05,8.0,0.03
AlKhaleej,13,12.0,0.04,10.0,0.03
AlKhaleej,14,6.0,0.02,2.0,0.01
AlKhaleej,15,4.0,0.01,6.0,0.02
AlKhaleej,16,11.0,0.04,7.0,0.02
AlKhaleej,17,7.0,0.02,7.0,0.02
AlKhaleej,18,5.0,0.02,1.0,0.0
AlKhaleej,19,1.0,0.0,3.0,0.01
AlKhaleej,20,3.0,0.01,2.0,0.01
AlKhaleej,21,2.0,0.01,5.0,0.02
AlKhaleej,22,3.0,0.01,5.0,0.02
AlKhaleej,23,6.0,0.02,2.0,0.01
AlKhaleej,24,5.0,0.02,6.0,0.02
AlKhaleej,25,2.0,0.01,3.0,0.01
AlKhaleej,26,5.0,0.02,3.0,0.01
AlKhaleej,27,3.0,0.01,4.0,0.01
AlKhaleej,28,4.0,0.01,1.0,0.0
AlKhaleej,29,4.0,0.01,4.0,0.01
AlKhaleej,30,2.0,0.01,0.0,0.0
AlKhaleej,31,1.0,0.0,1.0,0.0
AlKhaleej,32,2.0,0.01,3.0,0.01
AlKhaleej,33,2.0,0.01,0.0,0.0
AlKhaleej,35,1.0,0.0,3.0,0.01
AlKhaleej,36,2.0,0.01,3.0,0.01
AlKhaleej,37,3.0,0.01,2.0,0.01
AlKhaleej,38,2.0,0.01,1.0,0.0
AlKhaleej,39,3.0,0.01,3.0,0.01
AlKhaleej,40,2.0,0.01,0.0,0.0
AlKhaleej,41,1.0,0.0,2.0,0.01
AlKhaleej,42,2.0,0.01,2.0,0.01
AlKhaleej,43,2.0,0.01,2.0,0.01
AlKhaleej,44,0.0,0.0,2.0,0.01
AlKhaleej,45,2.0,0.01,2.0,0.01
AlKhaleej,46,3.0,0.01,1.0,0.0
AlKhaleej,47,2.0,0.01,0.0,0.0
AlKhaleej,48,0.0,0.0,1.0,0.0
AlKhaleej,49,0.0,0.0,2.0,0.01
AlKhaleej,51,2.0,0.01,1.0,0.0
AlKhaleej,52,0.0,0.0,2.0,0.01
AlKhaleej,53,0.0,0.0,1.0,0.0
AlKhaleej,54,3.0,0.01,1.0,0.0
AlKhaleej,55,0.0,0.0,1.0,0.0
AlKhaleej,56,1.0,0.0,2.0,0.01
AlKhaleej,57,2.0,0.01,2.0,0.01
AlKhaleej,58,2.0,0.01,2.0,0.01
AlKhaleej,59,3.0,0.01,1.0,0.0
AlKhaleej,60,1.0,0.0,2.0,0.01
AlKhaleej,61,2.0,0.01,3.0,0.01
AlKhaleej,62,4.0,0.01,1.0,0.0
AlKhaleej,63,0.0,0.0,1.0,0.0
AlKhaleej,64,1.0,0.0,1.0,0.0
AlKhaleej,65,2.0,0.01,0.0,0.0
AlKhaleej,67,0.0,0.0,1.0,0.0
AlKhaleej,68,2.0,0.01,3.0,0.01
AlKhaleej,69,1.0,0.0,2.0,0.01
AlKhaleej,70,1.0,0.0,3.0,0.01
AlKhaleej,71,2.0,0.01,2.0,0.01
AlKhaleej,72,3.0,0.01,1.0,0.0
AlKhaleej,73,1.0,0.0,1.0,0.0
AlKhaleej,74,2.0,0.01,3.0,0.01
AlKhaleej,75,2.0,0.01,0.0,0.0
AlKhaleej,76,1.0,0.0,3.0,0.01
AlKhaleej,77,1.0,0.0,3.0,0.01
AlKhaleej,78,4.0,0.01,1.0,0.0
AlKhaleej,79,1.0,0.0,0.0,0.0
AlKhaleej,80,1.0,0.0,0.0,0.0
AlKhaleej,81,1.0,0.0,0.0,0.0
AlKhaleej,82,1.0,0.0,1.0,0.0
AlKhaleej,83,1.0,0.0,0.0,0.0
AlKhaleej,84,0.0,0.0,1.0,0.0
AlKhaleej,85,1.0,0.0,0.0,0.0
AlKhaleej,87,0.0,0.0,1.0,0.0
AlKhaleej,88,0.0,0.0,2.0,0.01
AlKhaleej,89,1.0,0.0,0.0,0.0
AlKhaleej,90,1.0,0.0,0.0,0.0
AlKhaleej,92,1.0,0.0,0.0,0.0
AlKhaleej,97,0.0,0.0,1.0,0.0
AlKhaleej,100,1.0,0.0,0.0,0.0
AlKhaleej,101,0.0,0.0,1.0,0.0
AlKhaleej,102,0.0,0.0,1.0,0.0
AlKhaleej,104,1.0,0.0,1.0,0.0
AlKhaleej,105,1.0,0.0,1.0,0.0
AlKhaleej,106,2.0,0.01,2.0,0.01
AlKhaleej,108,1.0,0.0,0.0,0.0
AlKhaleej,112,0.0,0.0,1.0,0.0
AlKhaleej,113,1.0,0.0,0.0,0.0
AlKhaleej,114,0.0,0.0,1.0,0.0
AlKhaleej,115,0.0,0.0,1.0,0.0
AlKhaleej,120,1.0,0.0,0.0,0.0
AlKhaleej,122,1.0,0.0,1.0,0.0
AlKhaleej,123,0.0,0.0,1.0,0.0
AlKhaleej,124,1.0,0.0,0.0,0.0
AlKhaleej,131,1.0,0.0,1.0,0.0
AlKhaleej,132,0.0,0.0,1.0,0.0
AlKhaleej,134,1.0,0.0,0.0,0.0
AlKhaleej,136,1.0,0.0,0.0,0.0
AlKhaleej,145,0.0,0.0,1.0,0.0
AlKhaleej,146,0.0,0.0,1.0,0.0
AlKhaleej,147,1.0,0.0,1.0,0.0
AlKhaleej,149,0.0,0.0,1.0,0.0
AlKhaleej,151,1.0,0.0,1.0,0.0
AlKhaleej,152,1.0,0.0,0.0,0.0
AlKhaleej,155,2.0,0.01,0.0,0.0
AlKhaleej,156,1.0,0.0,0.0,0.0
AlKhaleej,181,0.0,0.0,1.0,0.0
AlKhaleej,191,0.0,0.0,1.0,0.0
AlKhaleej,198,2.0,0.01,0.0,0.0
AlKhaleej,228,0.0,0.0,1.0,0.0
AlKhaleej,233,1.0,0.0,1.0,0.0
AlKhaleej,234,1.0,0.0,0.0,0.0
AlKhaleej,252,0.0,0.0,1.0,0.0
AlKhaleej,285,1.0,0.0,0.0,0.0
AlKhaleej,353,0.0,0.0,1.0,0.0
AlKhaleej,403,1.0,0.0,0.0,0.0
AlKhaleej,750,0.0,0.0,1.0,0.0
AlKhaleej,780,1.0,0.0,0.0,0.0
Anthems,0,204.0,56.67,214.0,59.44
Anthems,1,32.0,8.89,30.0,8.33
Anthems,2,22.0,6.11,18.0,5.0
Anthems,3,4.0,1.11,1.0,0.28
Anthems,4,10.0,2.78,11.0,3.06
Anthems,5,4.0,1.11,6.0,1.67
Anthems,6,7.0,1.94,6.0,1.67
Anthems,7,3.0,0.83,4.0,1.11
Anthems,8,5.0,1.39,3.0,0.83
Anthems,9,3.0,0.83,4.0,1.11
Anthems,10,11.0,3.06,9.0,2.5
Anthems,11,2.0,0.56,3.0,0.83
Anthems,12,16.0,4.44,15.0,4.17
Anthems,13,18.0,5.0,17.0,4.72
Anthems,14,7.0,1.94,7.0,1.94
Anthems,15,2.0,0.56,3.0,0.83
Anthems,16,8.0,2.22,7.0,1.94
Anthems,17,1.0,0.28,1.0,0.28
Anthems,18,1.0,0.28,1.0,0.28
ArabYouthPublisher,0,1963.0,74.55,2553.0,96.96
ArabYouthPublisher,1,435.0,16.52,44.0,1.67
ArabYouthPublisher,2,136.0,5.17,15.0,0.57
ArabYouthPublisher,3,53.0,2.01,5.0,0.19
ArabYouthPublisher,4,22.0,0.84,11.0,0.42
ArabYouthPublisher,5,16.0,0.61,2.0,0.08
ArabYouthPublisher,6,5.0,0.19,2.0,0.08
ArabYouthPublisher,7,1.0,0.04,0.0,0.0
ArabYouthPublisher,8,1.0,0.04,0.0,0.0
ArabYouthPublisher,9,1.0,0.04,1.0,0.04
ArabicMMLU,0,6396.0,90.26,6698.0,94.52
ArabicMMLU,1,381.0,5.38,173.0,2.44
ArabicMMLU,2,133.0,1.88,90.0,1.27
ArabicMMLU,3,49.0,0.69,35.0,0.49
ArabicMMLU,4,41.0,0.58,26.0,0.37
ArabicMMLU,5,25.0,0.35,15.0,0.21
ArabicMMLU,6,14.0,0.2,13.0,0.18
ArabicMMLU,7,7.0,0.1,7.0,0.1
ArabicMMLU,8,9.0,0.13,2.0,0.03
ArabicMMLU,9,3.0,0.04,1.0,0.01
ArabicMMLU,10,4.0,0.06,3.0,0.04
ArabicMMLU,11,2.0,0.03,2.0,0.03
ArabicMMLU,12,1.0,0.01,2.0,0.03
ArabicMMLU,13,1.0,0.01,0.0,0.0
ArabicMMLU,14,0.0,0.0,1.0,0.01
ArabicMMLU,15,3.0,0.04,2.0,0.03
ArabicMMLU,16,0.0,0.0,1.0,0.01
ArabicMMLU,17,1.0,0.01,0.0,0.0
ArabicMMLU,18,1.0,0.01,2.0,0.03
ArabicMMLU,19,2.0,0.03,1.0,0.01
ArabicMMLU,21,2.0,0.03,2.0,0.03
ArabicMMLU,22,2.0,0.03,1.0,0.01
ArabicMMLU,23,0.0,0.0,1.0,0.01
ArabicMMLU,26,1.0,0.01,1.0,0.01
ArabicMMLU,27,1.0,0.01,0.0,0.0
ArabicMMLU,28,1.0,0.01,1.0,0.01
ArabicMMLU,30,1.0,0.01,1.0,0.01
ArabicMMLU,31,1.0,0.01,1.0,0.01
ArabicMMLU,35,0.0,0.0,1.0,0.01
ArabicMMLU,36,1.0,0.01,0.0,0.0
ArabicMMLU,49,0.0,0.0,1.0,0.01
ArabicMMLU,50,1.0,0.01,1.0,0.01
ArabicMMLU,52,1.0,0.01,0.0,0.0
ArabicMMLU,64,1.0,0.01,1.0,0.01
BTEC,0,1715.0,85.75,1953.0,97.65
BTEC,1,237.0,11.85,40.0,2.0
BTEC,2,39.0,1.95,4.0,0.2
BTEC,3,7.0,0.35,2.0,0.1
BTEC,5,1.0,0.05,1.0,0.05
BTEC,6,1.0,0.05,0.0,0.0
Batman,0,4144.0,88.4,4574.0,97.57
Batman,1,445.0,9.49,86.0,1.83
Batman,2,77.0,1.64,22.0,0.47
Batman,3,17.0,0.36,5.0,0.11
Batman,4,3.0,0.06,0.0,0.0
Batman,5,2.0,0.04,1.0,0.02
Curriculum,0,22426.0,15.8,25506.0,17.96
Curriculum,1,8664.0,6.1,8487.0,5.98
Curriculum,2,8373.0,5.9,8044.0,5.67
Curriculum,3,8700.0,6.13,8067.0,5.68
Curriculum,4,7193.0,5.07,7081.0,4.99
Curriculum,5,5804.0,4.09,6078.0,4.28
Curriculum,6,6492.0,4.57,6721.0,4.73
Curriculum,7,5763.0,4.06,5427.0,3.82
Curriculum,8,4970.0,3.5,4959.0,3.49
Curriculum,9,4682.0,3.3,4691.0,3.3
Curriculum,10,4120.0,2.9,4062.0,2.86
Curriculum,11,3755.0,2.64,3746.0,2.64
Curriculum,12,3282.0,2.31,3383.0,2.38
Curriculum,13,3174.0,2.24,3032.0,2.14
Curriculum,14,2631.0,1.85,2633.0,1.85
Curriculum,15,2622.0,1.85,2564.0,1.81
Curriculum,16,2396.0,1.69,2301.0,1.62
Curriculum,17,2167.0,1.53,2074.0,1.46
Curriculum,18,1885.0,1.33,1864.0,1.31
Curriculum,19,1774.0,1.25,1758.0,1.24
Curriculum,20,1669.0,1.18,1612.0,1.14
Curriculum,21,1662.0,1.17,1513.0,1.07
Curriculum,22,1464.0,1.03,1383.0,0.97
Curriculum,23,1282.0,0.9,1362.0,0.96
Curriculum,24,1363.0,0.96,1317.0,0.93
Curriculum,25,1279.0,0.9,1239.0,0.87
Curriculum,26,1178.0,0.83,1129.0,0.8
Curriculum,27,1074.0,0.76,1078.0,0.76
Curriculum,28,1012.0,0.71,1045.0,0.74
Curriculum,29,999.0,0.7,913.0,0.64
Curriculum,30,909.0,0.64,829.0,0.58
Curriculum,31,859.0,0.61,814.0,0.57
Curriculum,32,761.0,0.54,783.0,0.55
Curriculum,33,778.0,0.55,729.0,0.51
Curriculum,34,756.0,0.53,720.0,0.51
Curriculum,35,686.0,0.48,685.0,0.48
Curriculum,36,627.0,0.44,574.0,0.4
Curriculum,37,578.0,0.41,540.0,0.38
Curriculum,38,542.0,0.38,482.0,0.34
Curriculum,39,511.0,0.36,473.0,0.33
Curriculum,40,443.0,0.31,422.0,0.3
Curriculum,41,447.0,0.31,435.0,0.31
Curriculum,42,428.0,0.3,415.0,0.29
Curriculum,43,431.0,0.3,394.0,0.28
Curriculum,44,380.0,0.27,389.0,0.27
Curriculum,45,345.0,0.24,339.0,0.24
Curriculum,46,343.0,0.24,301.0,0.21
Curriculum,47,325.0,0.23,309.0,0.22
Curriculum,48,312.0,0.22,307.0,0.22
Curriculum,49,319.0,0.22,266.0,0.19
Curriculum,50,268.0,0.19,232.0,0.16
Curriculum,51,262.0,0.18,250.0,0.18
Curriculum,52,241.0,0.17,259.0,0.18
Curriculum,53,251.0,0.18,250.0,0.18
Curriculum,54,273.0,0.19,224.0,0.16
Curriculum,55,213.0,0.15,174.0,0.12
Curriculum,56,215.0,0.15,204.0,0.14
Curriculum,57,185.0,0.13,195.0,0.14
Curriculum,58,188.0,0.13,168.0,0.12
Curriculum,59,181.0,0.13,172.0,0.12
Curriculum,60,180.0,0.13,179.0,0.13
Curriculum,61,184.0,0.13,139.0,0.1
Curriculum,62,141.0,0.1,156.0,0.11
Curriculum,63,122.0,0.09,139.0,0.1
Curriculum,64,153.0,0.11,130.0,0.09
Curriculum,65,138.0,0.1,139.0,0.1
Curriculum,66,113.0,0.08,119.0,0.08
Curriculum,67,139.0,0.1,86.0,0.06
Curriculum,68,129.0,0.09,108.0,0.08
Curriculum,69,98.0,0.07,96.0,0.07
Curriculum,70,145.0,0.1,83.0,0.06
Curriculum,71,92.0,0.06,100.0,0.07
Curriculum,72,103.0,0.07,92.0,0.06
Curriculum,73,98.0,0.07,104.0,0.07
Curriculum,74,101.0,0.07,93.0,0.07
Curriculum,75,88.0,0.06,83.0,0.06
Curriculum,76,94.0,0.07,62.0,0.04
Curriculum,77,88.0,0.06,87.0,0.06
Curriculum,78,87.0,0.06,74.0,0.05
Curriculum,79,76.0,0.05,68.0,0.05
Curriculum,80,73.0,0.05,51.0,0.04
Curriculum,81,61.0,0.04,61.0,0.04
Curriculum,82,76.0,0.05,59.0,0.04
Curriculum,83,75.0,0.05,61.0,0.04
Curriculum,84,54.0,0.04,59.0,0.04
Curriculum,85,57.0,0.04,60.0,0.04
Curriculum,86,70.0,0.05,58.0,0.04
Curriculum,87,48.0,0.03,46.0,0.03
Curriculum,88,46.0,0.03,39.0,0.03
Curriculum,89,50.0,0.04,60.0,0.04
Curriculum,90,57.0,0.04,61.0,0.04
Curriculum,91,54.0,0.04,43.0,0.03
Curriculum,92,53.0,0.04,44.0,0.03
Curriculum,93,47.0,0.03,52.0,0.04
Curriculum,94,61.0,0.04,57.0,0.04
Curriculum,95,46.0,0.03,45.0,0.03
Curriculum,96,40.0,0.03,31.0,0.02
Curriculum,97,45.0,0.03,35.0,0.02
Curriculum,98,44.0,0.03,36.0,0.03
Curriculum,99,33.0,0.02,42.0,0.03
Curriculum,100,47.0,0.03,35.0,0.02
Curriculum,101,36.0,0.03,27.0,0.02
Curriculum,102,37.0,0.03,36.0,0.03
Curriculum,103,36.0,0.03,28.0,0.02
Curriculum,104,45.0,0.03,34.0,0.02
Curriculum,105,25.0,0.02,32.0,0.02
Curriculum,106,27.0,0.02,32.0,0.02
Curriculum,107,34.0,0.02,30.0,0.02
Curriculum,108,33.0,0.02,30.0,0.02
Curriculum,109,38.0,0.03,28.0,0.02
Curriculum,110,33.0,0.02,16.0,0.01
Curriculum,111,19.0,0.01,23.0,0.02
Curriculum,112,25.0,0.02,28.0,0.02
Curriculum,113,30.0,0.02,25.0,0.02
Curriculum,114,22.0,0.02,22.0,0.02
Curriculum,115,20.0,0.01,22.0,0.02
Curriculum,116,27.0,0.02,28.0,0.02
Curriculum,117,25.0,0.02,22.0,0.02
Curriculum,118,19.0,0.01,25.0,0.02
Curriculum,119,12.0,0.01,16.0,0.01
Curriculum,120,30.0,0.02,21.0,0.01
Curriculum,121,28.0,0.02,16.0,0.01
Curriculum,122,24.0,0.02,25.0,0.02
Curriculum,123,26.0,0.02,18.0,0.01
Curriculum,124,26.0,0.02,27.0,0.02
Curriculum,125,14.0,0.01,19.0,0.01
Curriculum,126,19.0,0.01,16.0,0.01
Curriculum,127,25.0,0.02,25.0,0.02
Curriculum,128,16.0,0.01,18.0,0.01
Curriculum,129,24.0,0.02,17.0,0.01
Curriculum,130,21.0,0.01,15.0,0.01
Curriculum,131,16.0,0.01,18.0,0.01
Curriculum,132,18.0,0.01,19.0,0.01
Curriculum,133,17.0,0.01,15.0,0.01
Curriculum,134,20.0,0.01,12.0,0.01
Curriculum,135,16.0,0.01,15.0,0.01
Curriculum,136,17.0,0.01,16.0,0.01
Curriculum,137,15.0,0.01,11.0,0.01
Curriculum,138,20.0,0.01,12.0,0.01
Curriculum,139,8.0,0.01,8.0,0.01
Curriculum,140,10.0,0.01,18.0,0.01
Curriculum,141,6.0,0.0,13.0,0.01
Curriculum,142,13.0,0.01,11.0,0.01
Curriculum,143,16.0,0.01,4.0,0.0
Curriculum,144,7.0,0.0,10.0,0.01
Curriculum,145,17.0,0.01,11.0,0.01
Curriculum,146,7.0,0.0,12.0,0.01
Curriculum,147,14.0,0.01,6.0,0.0
Curriculum,148,17.0,0.01,14.0,0.01
Curriculum,149,14.0,0.01,13.0,0.01
Curriculum,150,8.0,0.01,10.0,0.01
Curriculum,151,7.0,0.0,4.0,0.0
Curriculum,152,9.0,0.01,11.0,0.01
Curriculum,153,14.0,0.01,14.0,0.01
Curriculum,154,8.0,0.01,9.0,0.01
Curriculum,155,9.0,0.01,8.0,0.01
Curriculum,156,8.0,0.01,7.0,0.0
Curriculum,157,12.0,0.01,15.0,0.01
Curriculum,158,8.0,0.01,3.0,0.0
Curriculum,159,13.0,0.01,9.0,0.01
Curriculum,160,7.0,0.0,4.0,0.0
Curriculum,161,8.0,0.01,8.0,0.01
Curriculum,162,13.0,0.01,13.0,0.01
Curriculum,163,4.0,0.0,11.0,0.01
Curriculum,164,6.0,0.0,4.0,0.0
Curriculum,165,9.0,0.01,4.0,0.0
Curriculum,166,8.0,0.01,2.0,0.0
Curriculum,167,6.0,0.0,6.0,0.0
Curriculum,168,3.0,0.0,4.0,0.0
Curriculum,169,10.0,0.01,10.0,0.01
Curriculum,170,5.0,0.0,8.0,0.01
Curriculum,171,6.0,0.0,5.0,0.0
Curriculum,172,8.0,0.01,7.0,0.0
Curriculum,173,1.0,0.0,12.0,0.01
Curriculum,174,9.0,0.01,6.0,0.0
Curriculum,175,7.0,0.0,6.0,0.0
Curriculum,176,12.0,0.01,11.0,0.01
Curriculum,177,7.0,0.0,4.0,0.0
Curriculum,178,6.0,0.0,3.0,0.0
Curriculum,179,12.0,0.01,5.0,0.0
Curriculum,180,9.0,0.01,6.0,0.0
Curriculum,181,5.0,0.0,6.0,0.0
Curriculum,182,4.0,0.0,9.0,0.01
Curriculum,183,4.0,0.0,5.0,0.0
Curriculum,184,9.0,0.01,4.0,0.0
Curriculum,185,8.0,0.01,5.0,0.0
Curriculum,186,7.0,0.0,2.0,0.0
Curriculum,187,3.0,0.0,7.0,0.0
Curriculum,188,4.0,0.0,1.0,0.0
Curriculum,189,1.0,0.0,6.0,0.0
Curriculum,190,4.0,0.0,4.0,0.0
Curriculum,191,4.0,0.0,3.0,0.0
Curriculum,192,6.0,0.0,3.0,0.0
Curriculum,193,3.0,0.0,2.0,0.0
Curriculum,194,3.0,0.0,3.0,0.0
Curriculum,195,6.0,0.0,3.0,0.0
Curriculum,196,2.0,0.0,1.0,0.0
Curriculum,197,3.0,0.0,9.0,0.01
Curriculum,198,5.0,0.0,3.0,0.0
Curriculum,199,3.0,0.0,4.0,0.0
Curriculum,200,4.0,0.0,1.0,0.0
Curriculum,201,3.0,0.0,4.0,0.0
Curriculum,202,3.0,0.0,3.0,0.0
Curriculum,203,6.0,0.0,2.0,0.0
Curriculum,204,1.0,0.0,5.0,0.0
Curriculum,205,6.0,0.0,1.0,0.0
Curriculum,206,2.0,0.0,3.0,0.0
Curriculum,207,4.0,0.0,0.0,0.0
Curriculum,208,1.0,0.0,4.0,0.0
Curriculum,209,5.0,0.0,0.0,0.0
Curriculum,210,2.0,0.0,1.0,0.0
Curriculum,211,6.0,0.0,6.0,0.0
Curriculum,212,1.0,0.0,2.0,0.0
Curriculum,213,1.0,0.0,2.0,0.0
Curriculum,214,3.0,0.0,2.0,0.0
Curriculum,215,3.0,0.0,3.0,0.0
Curriculum,216,2.0,0.0,3.0,0.0
Curriculum,217,1.0,0.0,3.0,0.0
Curriculum,218,1.0,0.0,3.0,0.0
Curriculum,219,2.0,0.0,2.0,0.0
Curriculum,220,3.0,0.0,2.0,0.0
Curriculum,221,6.0,0.0,1.0,0.0
Curriculum,222,4.0,0.0,4.0,0.0
Curriculum,223,0.0,0.0,3.0,0.0
Curriculum,224,2.0,0.0,1.0,0.0
Curriculum,225,1.0,0.0,1.0,0.0
Curriculum,226,2.0,0.0,1.0,0.0
Curriculum,227,1.0,0.0,5.0,0.0
Curriculum,228,1.0,0.0,1.0,0.0
Curriculum,229,2.0,0.0,1.0,0.0
Curriculum,230,1.0,0.0,0.0,0.0
Curriculum,231,1.0,0.0,0.0,0.0
Curriculum,232,2.0,0.0,2.0,0.0
Curriculum,233,1.0,0.0,1.0,0.0
Curriculum,234,2.0,0.0,0.0,0.0
Curriculum,235,1.0,0.0,0.0,0.0
Curriculum,236,1.0,0.0,2.0,0.0
Curriculum,237,0.0,0.0,4.0,0.0
Curriculum,238,4.0,0.0,0.0,0.0
Curriculum,240,2.0,0.0,0.0,0.0
Curriculum,241,1.0,0.0,0.0,0.0
Curriculum,243,0.0,0.0,1.0,0.0
Curriculum,244,3.0,0.0,0.0,0.0
Curriculum,245,4.0,0.0,1.0,0.0
Curriculum,246,2.0,0.0,2.0,0.0
Curriculum,247,1.0,0.0,1.0,0.0
Curriculum,248,0.0,0.0,2.0,0.0
Curriculum,250,2.0,0.0,0.0,0.0
Curriculum,251,1.0,0.0,1.0,0.0
Curriculum,252,1.0,0.0,1.0,0.0
Curriculum,253,1.0,0.0,2.0,0.0
Curriculum,254,2.0,0.0,0.0,0.0
Curriculum,255,0.0,0.0,4.0,0.0
Curriculum,256,1.0,0.0,0.0,0.0
Curriculum,257,0.0,0.0,1.0,0.0
Curriculum,260,1.0,0.0,1.0,0.0
Curriculum,261,1.0,0.0,0.0,0.0
Curriculum,262,1.0,0.0,0.0,0.0
Curriculum,263,1.0,0.0,1.0,0.0
Curriculum,264,1.0,0.0,0.0,0.0
Curriculum,265,1.0,0.0,1.0,0.0
Curriculum,266,0.0,0.0,1.0,0.0
Curriculum,267,1.0,0.0,1.0,0.0
Curriculum,268,1.0,0.0,0.0,0.0
Curriculum,269,1.0,0.0,1.0,0.0
Curriculum,271,0.0,0.0,1.0,0.0
Curriculum,273,1.0,0.0,2.0,0.0
Curriculum,275,1.0,0.0,2.0,0.0
Curriculum,276,0.0,0.0,1.0,0.0
Curriculum,277,0.0,0.0,1.0,0.0
Curriculum,278,1.0,0.0,2.0,0.0
Curriculum,279,0.0,0.0,1.0,0.0
Curriculum,280,1.0,0.0,1.0,0.0
Curriculum,281,1.0,0.0,0.0,0.0
Curriculum,282,1.0,0.0,1.0,0.0
Curriculum,283,2.0,0.0,0.0,0.0
Curriculum,284,2.0,0.0,1.0,0.0
Curriculum,286,0.0,0.0,2.0,0.0
Curriculum,287,0.0,0.0,1.0,0.0
Curriculum,288,1.0,0.0,0.0,0.0
Curriculum,289,0.0,0.0,1.0,0.0
Curriculum,291,2.0,0.0,2.0,0.0
Curriculum,293,3.0,0.0,1.0,0.0
Curriculum,294,4.0,0.0,0.0,0.0
Curriculum,295,2.0,0.0,1.0,0.0
Curriculum,296,1.0,0.0,1.0,0.0
Curriculum,297,1.0,0.0,0.0,0.0
Curriculum,300,1.0,0.0,0.0,0.0
Curriculum,301,1.0,0.0,2.0,0.0
Curriculum,311,0.0,0.0,2.0,0.0
Curriculum,313,1.0,0.0,2.0,0.0
Curriculum,318,0.0,0.0,1.0,0.0
Curriculum,319,1.0,0.0,0.0,0.0
Curriculum,320,1.0,0.0,0.0,0.0
Curriculum,322,1.0,0.0,0.0,0.0
Curriculum,323,1.0,0.0,0.0,0.0
Curriculum,325,1.0,0.0,0.0,0.0
Curriculum,330,1.0,0.0,0.0,0.0
Curriculum,333,0.0,0.0,2.0,0.0
Curriculum,347,1.0,0.0,0.0,0.0
Curriculum,348,0.0,0.0,1.0,0.0
Curriculum,355,1.0,0.0,0.0,0.0
Curriculum,357,1.0,0.0,0.0,0.0
Curriculum,382,0.0,0.0,1.0,0.0
Curriculum,389,0.0,0.0,1.0,0.0
Curriculum,396,1.0,0.0,0.0,0.0
Curriculum,405,1.0,0.0,0.0,0.0
Curriculum,407,0.0,0.0,1.0,0.0
Curriculum,419,1.0,0.0,0.0,0.0
DARES,0,13870.0,100.0,13870.0,100.0
GL,0,1688.0,56.8,2969.0,99.9
GL,1,663.0,22.31,3.0,0.1
GL,2,365.0,12.28,0.0,0.0
GL,3,148.0,4.98,0.0,0.0
GL,4,59.0,1.99,0.0,0.0
GL,5,28.0,0.94,0.0,0.0
GL,6,8.0,0.27,0.0,0.0
GL,7,5.0,0.17,0.0,0.0
GL,8,3.0,0.1,0.0,0.0
GL,9,3.0,0.1,0.0,0.0
GL,10,1.0,0.03,0.0,0.0
GL,17,1.0,0.03,0.0,0.0
Hadith,2,2.0,0.17,2.0,0.17
Hadith,4,9.0,0.76,10.0,0.84
Hadith,5,7.0,0.59,6.0,0.5
Hadith,6,10.0,0.84,13.0,1.09
Hadith,7,16.0,1.34,15.0,1.26
Hadith,8,11.0,0.92,17.0,1.43
Hadith,9,30.0,2.52,43.0,3.61
Hadith,10,43.0,3.61,49.0,4.12
Hadith,11,60.0,5.04,45.0,3.78
Hadith,12,38.0,3.19,39.0,3.28
Hadith,13,36.0,3.03,48.0,4.03
Hadith,14,58.0,4.87,57.0,4.79
Hadith,15,55.0,4.62,48.0,4.03
Hadith,16,51.0,4.29,47.0,3.95
Hadith,17,50.0,4.2,57.0,4.79
Hadith,18,33.0,2.77,32.0,2.69
Hadith,19,33.0,2.77,30.0,2.52
Hadith,20,36.0,3.03,43.0,3.61
Hadith,21,34.0,2.86,29.0,2.44
Hadith,22,34.0,2.86,34.0,2.86
Hadith,23,30.0,2.52,30.0,2.52
Hadith,24,24.0,2.02,30.0,2.52
Hadith,25,37.0,3.11,26.0,2.18
Hadith,26,21.0,1.76,26.0,2.18
Hadith,27,25.0,2.1,21.0,1.76
Hadith,28,24.0,2.02,24.0,2.02
Hadith,29,21.0,1.76,22.0,1.85
Hadith,30,13.0,1.09,13.0,1.09
Hadith,31,13.0,1.09,13.0,1.09
Hadith,32,22.0,1.85,20.0,1.68
Hadith,33,11.0,0.92,17.0,1.43
Hadith,34,21.0,1.76,12.0,1.01
Hadith,35,14.0,1.18,14.0,1.18
Hadith,36,13.0,1.09,13.0,1.09
Hadith,37,13.0,1.09,12.0,1.01
Hadith,38,11.0,0.92,16.0,1.34
Hadith,39,14.0,1.18,7.0,0.59
Hadith,40,5.0,0.42,10.0,0.84
Hadith,41,8.0,0.67,18.0,1.51
Hadith,42,18.0,1.51,8.0,0.67
Hadith,43,15.0,1.26,14.0,1.18
Hadith,44,11.0,0.92,8.0,0.67
Hadith,45,4.0,0.34,9.0,0.76
Hadith,46,5.0,0.42,9.0,0.76
Hadith,47,10.0,0.84,4.0,0.34
Hadith,48,8.0,0.67,8.0,0.67
Hadith,49,9.0,0.76,5.0,0.42
Hadith,50,7.0,0.59,6.0,0.5
Hadith,51,4.0,0.34,5.0,0.42
Hadith,52,4.0,0.34,3.0,0.25
Hadith,53,10.0,0.84,10.0,0.84
Hadith,54,5.0,0.42,4.0,0.34
Hadith,55,4.0,0.34,5.0,0.42
Hadith,56,4.0,0.34,4.0,0.34
Hadith,57,4.0,0.34,3.0,0.25
Hadith,58,3.0,0.25,6.0,0.5
Hadith,59,5.0,0.42,3.0,0.25
Hadith,60,2.0,0.17,4.0,0.34
Hadith,61,6.0,0.5,2.0,0.17
Hadith,62,3.0,0.25,2.0,0.17
Hadith,63,1.0,0.08,3.0,0.25
Hadith,64,2.0,0.17,1.0,0.08
Hadith,65,1.0,0.08,1.0,0.08
Hadith,66,2.0,0.17,4.0,0.34
Hadith,67,2.0,0.17,2.0,0.17
Hadith,68,4.0,0.34,2.0,0.17
Hadith,69,3.0,0.25,1.0,0.08
Hadith,70,0.0,0.0,2.0,0.17
Hadith,71,1.0,0.08,2.0,0.17
Hadith,72,2.0,0.17,2.0,0.17
Hadith,73,2.0,0.17,2.0,0.17
Hadith,74,3.0,0.25,2.0,0.17
Hadith,75,2.0,0.17,2.0,0.17
Hadith,76,1.0,0.08,0.0,0.0
Hadith,77,1.0,0.08,2.0,0.17
Hadith,78,1.0,0.08,1.0,0.08
Hadith,80,4.0,0.34,2.0,0.17
Hadith,82,1.0,0.08,2.0,0.17
Hadith,83,2.0,0.17,0.0,0.0
Hadith,84,0.0,0.0,1.0,0.08
Hadith,85,1.0,0.08,1.0,0.08
Hadith,86,2.0,0.17,1.0,0.08
Hadith,87,0.0,0.0,1.0,0.08
Hadith,88,1.0,0.08,1.0,0.08
Hadith,90,2.0,0.17,1.0,0.08
Hadith,91,0.0,0.0,2.0,0.17
Hadith,92,1.0,0.08,1.0,0.08
Hadith,93,1.0,0.08,2.0,0.17
Hadith,94,2.0,0.17,1.0,0.08
Hadith,95,2.0,0.17,0.0,0.0
Hadith,96,0.0,0.0,1.0,0.08
Hadith,98,1.0,0.08,1.0,0.08
Hadith,100,1.0,0.08,0.0,0.0
Hadith,103,1.0,0.08,0.0,0.0
Hadith,104,0.0,0.0,1.0,0.08
Hadith,106,0.0,0.0,1.0,0.08
Hadith,107,0.0,0.0,1.0,0.08
Hadith,108,1.0,0.08,0.0,0.0
Hadith,109,1.0,0.08,1.0,0.08
Hadith,110,0.0,0.0,1.0,0.08
Hadith,111,0.0,0.0,1.0,0.08
Hadith,112,1.0,0.08,0.0,0.0
Hadith,114,1.0,0.08,0.0,0.0
Hadith,115,1.0,0.08,0.0,0.0
Hadith,116,1.0,0.08,0.0,0.0
Hadith,120,0.0,0.0,1.0,0.08
Hadith,127,1.0,0.08,0.0,0.0
Hadith,132,0.0,0.0,1.0,0.08
Hadith,135,1.0,0.08,0.0,0.0
Hadith,136,0.0,0.0,1.0,0.08
Hadith,138,1.0,0.08,0.0,0.0
Hadith,139,0.0,0.0,1.0,0.08
Hadith,140,0.0,0.0,1.0,0.08
Hadith,143,0.0,0.0,1.0,0.08
Hadith,144,1.0,0.08,0.0,0.0
Hadith,146,1.0,0.08,0.0,0.0
Hadith,147,1.0,0.08,0.0,0.0
Hadith,175,0.0,0.0,1.0,0.08
Hadith,180,1.0,0.08,0.0,0.0
Hayy,0,617.0,51.5,838.0,69.95
Hayy,1,199.0,16.61,96.0,8.01
Hayy,2,195.0,16.28,159.0,13.27
Hayy,3,78.0,6.51,41.0,3.42
Hayy,4,46.0,3.84,30.0,2.5
Hayy,5,28.0,2.34,10.0,0.83
Hayy,6,11.0,0.92,8.0,0.67
Hayy,7,3.0,0.25,4.0,0.33
Hayy,8,3.0,0.25,1.0,0.08
Hayy,9,4.0,0.33,0.0,0.0
Hayy,10,2.0,0.17,0.0,0.0
Hayy,12,1.0,0.08,2.0,0.17
Hayy,13,1.0,0.08,0.0,0.0
Hayy,14,0.0,0.0,1.0,0.08
Hayy,15,1.0,0.08,0.0,0.0
Hayy,16,1.0,0.08,0.0,0.0
Hayy,22,2.0,0.17,2.0,0.17
Hayy,28,0.0,0.0,2.0,0.17
Hayy,29,1.0,0.08,0.0,0.0
Hayy,30,1.0,0.08,0.0,0.0
Hayy,33,0.0,0.0,1.0,0.08
Hayy,34,1.0,0.08,0.0,0.0
Hayy,35,0.0,0.0,1.0,0.08
Hayy,36,1.0,0.08,0.0,0.0
Hayy,40,1.0,0.08,1.0,0.08
Hayy,45,0.0,0.0,1.0,0.08
Hayy,46,1.0,0.08,0.0,0.0
Hindawi,0,30084.0,36.92,37102.0,45.53
Hindawi,1,8254.0,10.13,6682.0,8.2
Hindawi,2,7939.0,9.74,8057.0,9.89
Hindawi,3,5626.0,6.9,4972.0,6.1
Hindawi,4,4810.0,5.9,4353.0,5.34
Hindawi,5,3671.0,4.5,3060.0,3.76
Hindawi,6,3049.0,3.74,2551.0,3.13
Hindawi,7,2451.0,3.01,1930.0,2.37
Hindawi,8,2055.0,2.52,1624.0,1.99
Hindawi,9,1571.0,1.93,1164.0,1.43
Hindawi,10,1265.0,1.55,961.0,1.18
Hindawi,11,1044.0,1.28,787.0,0.97
Hindawi,12,842.0,1.03,682.0,0.84
Hindawi,13,740.0,0.91,622.0,0.76
Hindawi,14,708.0,0.87,573.0,0.7
Hindawi,15,647.0,0.79,525.0,0.64
Hindawi,16,549.0,0.67,432.0,0.53
Hindawi,17,458.0,0.56,368.0,0.45
Hindawi,18,407.0,0.5,274.0,0.34
Hindawi,19,307.0,0.38,286.0,0.35
Hindawi,20,297.0,0.36,268.0,0.33
Hindawi,21,268.0,0.33,204.0,0.25
Hindawi,22,230.0,0.28,199.0,0.24
Hindawi,23,226.0,0.28,164.0,0.2
Hindawi,24,184.0,0.23,166.0,0.2
Hindawi,25,167.0,0.2,156.0,0.19
Hindawi,26,149.0,0.18,164.0,0.2
Hindawi,27,177.0,0.22,126.0,0.15
Hindawi,28,164.0,0.2,157.0,0.19
Hindawi,29,142.0,0.17,145.0,0.18
Hindawi,30,167.0,0.2,143.0,0.18
Hindawi,31,173.0,0.21,116.0,0.14
Hindawi,32,148.0,0.18,122.0,0.15
Hindawi,33,121.0,0.15,111.0,0.14
Hindawi,34,112.0,0.14,100.0,0.12
Hindawi,35,98.0,0.12,90.0,0.11
Hindawi,36,80.0,0.1,76.0,0.09
Hindawi,37,74.0,0.09,82.0,0.1
Hindawi,38,86.0,0.11,65.0,0.08
Hindawi,39,69.0,0.08,67.0,0.08
Hindawi,40,75.0,0.09,62.0,0.08
Hindawi,41,66.0,0.08,70.0,0.09
Hindawi,42,68.0,0.08,57.0,0.07
Hindawi,43,55.0,0.07,62.0,0.08
Hindawi,44,59.0,0.07,61.0,0.07
Hindawi,45,56.0,0.07,52.0,0.06
Hindawi,46,44.0,0.05,49.0,0.06
Hindawi,47,60.0,0.07,48.0,0.06
Hindawi,48,51.0,0.06,43.0,0.05
Hindawi,49,45.0,0.06,46.0,0.06
Hindawi,50,46.0,0.06,47.0,0.06
Hindawi,51,47.0,0.06,49.0,0.06
Hindawi,52,49.0,0.06,62.0,0.08
Hindawi,53,51.0,0.06,41.0,0.05
Hindawi,54,40.0,0.05,39.0,0.05
Hindawi,55,58.0,0.07,47.0,0.06
Hindawi,56,47.0,0.06,46.0,0.06
Hindawi,57,42.0,0.05,43.0,0.05
Hindawi,58,41.0,0.05,36.0,0.04
Hindawi,59,39.0,0.05,28.0,0.03
Hindawi,60,29.0,0.04,34.0,0.04
Hindawi,61,28.0,0.03,23.0,0.03
Hindawi,62,36.0,0.04,35.0,0.04
Hindawi,63,29.0,0.04,19.0,0.02
Hindawi,64,27.0,0.03,17.0,0.02
Hindawi,65,20.0,0.02,22.0,0.03
Hindawi,66,22.0,0.03,20.0,0.02
Hindawi,67,22.0,0.03,29.0,0.04
Hindawi,68,26.0,0.03,21.0,0.03
Hindawi,69,19.0,0.02,31.0,0.04
Hindawi,70,24.0,0.03,25.0,0.03
Hindawi,71,21.0,0.03,20.0,0.02
Hindawi,72,26.0,0.03,23.0,0.03
Hindawi,73,31.0,0.04,21.0,0.03
Hindawi,74,14.0,0.02,17.0,0.02
Hindawi,75,19.0,0.02,14.0,0.02
Hindawi,76,16.0,0.02,19.0,0.02
Hindawi,77,12.0,0.01,15.0,0.02
Hindawi,78,17.0,0.02,12.0,0.01
Hindawi,79,15.0,0.02,16.0,0.02
Hindawi,80,16.0,0.02,10.0,0.01
Hindawi,81,12.0,0.01,15.0,0.02
Hindawi,82,18.0,0.02,12.0,0.01
Hindawi,83,11.0,0.01,16.0,0.02
Hindawi,84,14.0,0.02,17.0,0.02
Hindawi,85,14.0,0.02,13.0,0.02
Hindawi,86,13.0,0.02,9.0,0.01
Hindawi,87,17.0,0.02,11.0,0.01
Hindawi,88,14.0,0.02,9.0,0.01
Hindawi,89,9.0,0.01,7.0,0.01
Hindawi,90,12.0,0.01,8.0,0.01
Hindawi,91,8.0,0.01,8.0,0.01
Hindawi,92,9.0,0.01,7.0,0.01
Hindawi,93,7.0,0.01,8.0,0.01
Hindawi,94,13.0,0.02,9.0,0.01
Hindawi,95,9.0,0.01,6.0,0.01
Hindawi,96,4.0,0.0,4.0,0.0
Hindawi,97,3.0,0.0,7.0,0.01
Hindawi,98,5.0,0.01,9.0,0.01
Hindawi,99,7.0,0.01,6.0,0.01
Hindawi,100,9.0,0.01,6.0,0.01
Hindawi,101,5.0,0.01,6.0,0.01
Hindawi,102,6.0,0.01,6.0,0.01
Hindawi,103,7.0,0.01,8.0,0.01
Hindawi,104,4.0,0.0,2.0,0.0
Hindawi,105,8.0,0.01,8.0,0.01
Hindawi,106,7.0,0.01,4.0,0.0
Hindawi,107,5.0,0.01,1.0,0.0
Hindawi,108,2.0,0.0,7.0,0.01
Hindawi,109,3.0,0.0,2.0,0.0
Hindawi,110,5.0,0.01,4.0,0.0
Hindawi,111,4.0,0.0,4.0,0.0
Hindawi,112,4.0,0.0,4.0,0.0
Hindawi,113,3.0,0.0,6.0,0.01
Hindawi,114,4.0,0.0,6.0,0.01
Hindawi,115,6.0,0.01,6.0,0.01
Hindawi,116,4.0,0.0,1.0,0.0
Hindawi,117,4.0,0.0,2.0,0.0
Hindawi,118,3.0,0.0,2.0,0.0
Hindawi,119,3.0,0.0,1.0,0.0
Hindawi,120,8.0,0.01,3.0,0.0
Hindawi,121,2.0,0.0,0.0,0.0
Hindawi,122,0.0,0.0,4.0,0.0
Hindawi,123,2.0,0.0,2.0,0.0
Hindawi,124,2.0,0.0,3.0,0.0
Hindawi,125,6.0,0.01,2.0,0.0
Hindawi,126,4.0,0.0,2.0,0.0
Hindawi,127,1.0,0.0,1.0,0.0
Hindawi,128,0.0,0.0,1.0,0.0
Hindawi,129,1.0,0.0,0.0,0.0
Hindawi,130,2.0,0.0,5.0,0.01
Hindawi,131,1.0,0.0,2.0,0.0
Hindawi,133,4.0,0.0,1.0,0.0
Hindawi,134,1.0,0.0,1.0,0.0
Hindawi,135,1.0,0.0,1.0,0.0
Hindawi,136,3.0,0.0,1.0,0.0
Hindawi,137,1.0,0.0,2.0,0.0
Hindawi,138,1.0,0.0,2.0,0.0
Hindawi,139,1.0,0.0,1.0,0.0
Hindawi,140,1.0,0.0,1.0,0.0
Hindawi,141,1.0,0.0,1.0,0.0
Hindawi,143,2.0,0.0,1.0,0.0
Hindawi,144,1.0,0.0,1.0,0.0
Hindawi,145,2.0,0.0,1.0,0.0
Hindawi,146,0.0,0.0,1.0,0.0
Hindawi,147,1.0,0.0,1.0,0.0
Hindawi,148,0.0,0.0,1.0,0.0
Hindawi,150,2.0,0.0,0.0,0.0
Hindawi,153,2.0,0.0,2.0,0.0
Hindawi,155,0.0,0.0,1.0,0.0
Hindawi,156,2.0,0.0,1.0,0.0
Hindawi,158,0.0,0.0,2.0,0.0
Hindawi,159,1.0,0.0,1.0,0.0
Hindawi,160,0.0,0.0,1.0,0.0
Hindawi,161,0.0,0.0,2.0,0.0
Hindawi,163,1.0,0.0,0.0,0.0
Hindawi,165,1.0,0.0,1.0,0.0
Hindawi,166,3.0,0.0,0.0,0.0
Hindawi,167,1.0,0.0,0.0,0.0
Hindawi,170,1.0,0.0,0.0,0.0
Hindawi,171,0.0,0.0,1.0,0.0
Hindawi,172,2.0,0.0,0.0,0.0
Hindawi,174,1.0,0.0,0.0,0.0
Hindawi,184,0.0,0.0,1.0,0.0
Hindawi,185,0.0,0.0,1.0,0.0
Hindawi,186,0.0,0.0,1.0,0.0
Hindawi,188,0.0,0.0,1.0,0.0
Hindawi,189,1.0,0.0,0.0,0.0
Hindawi,190,1.0,0.0,0.0,0.0
Hindawi,194,1.0,0.0,0.0,0.0
Hindawi,196,1.0,0.0,0.0,0.0
Hindawi,197,0.0,0.0,1.0,0.0
Hindawi,201,1.0,0.0,0.0,0.0
Hindawi,207,1.0,0.0,1.0,0.0
Hindawi,208,0.0,0.0,1.0,0.0
Hindawi,213,1.0,0.0,0.0,0.0
Hindawi,258,0.0,0.0,1.0,0.0
Hindawi,266,0.0,0.0,1.0,0.0
Hindawi,269,2.0,0.0,0.0,0.0
Hindawi,314,0.0,0.0,1.0,0.0
Hindawi,322,1.0,0.0,0.0,0.0
Hindawi,331,0.0,0.0,1.0,0.0
Hindawi,332,1.0,0.0,0.0,0.0
Kalima,0,18270.0,71.29,24836.0,96.91
Kalima,1,4623.0,18.04,608.0,2.37
Kalima,2,1717.0,6.7,94.0,0.37
Kalima,3,611.0,2.38,46.0,0.18
Kalima,4,249.0,0.97,25.0,0.1
Kalima,5,88.0,0.34,11.0,0.04
Kalima,6,37.0,0.14,3.0,0.01
Kalima,7,17.0,0.07,2.0,0.01
Kalima,8,8.0,0.03,1.0,0.0
Kalima,9,3.0,0.01,1.0,0.0
Kalima,10,1.0,0.0,0.0,0.0
Kalima,11,1.0,0.0,0.0,0.0
Kalima,14,1.0,0.0,0.0,0.0
Kalima,15,1.0,0.0,0.0,0.0
LAL,0,479.0,27.67,501.0,28.94
LAL,1,219.0,12.65,220.0,12.71
LAL,2,147.0,8.49,152.0,8.78
LAL,3,93.0,5.37,86.0,4.97
LAL,4,67.0,3.87,61.0,3.52
LAL,5,32.0,1.85,32.0,1.85
LAL,6,38.0,2.2,41.0,2.37
LAL,7,30.0,1.73,29.0,1.68
LAL,8,35.0,2.02,36.0,2.08
LAL,9,33.0,1.91,42.0,2.43
LAL,10,41.0,2.37,37.0,2.14
LAL,11,27.0,1.56,33.0,1.91
LAL,12,31.0,1.79,39.0,2.25
LAL,13,57.0,3.29,58.0,3.35
LAL,14,66.0,3.81,70.0,4.04
LAL,15,74.0,4.27,45.0,2.6
LAL,16,33.0,1.91,36.0,2.08
LAL,17,23.0,1.33,26.0,1.5
LAL,18,15.0,0.87,21.0,1.21
LAL,19,20.0,1.16,20.0,1.16
LAL,20,21.0,1.21,23.0,1.33
LAL,21,25.0,1.44,20.0,1.16
LAL,22,21.0,1.21,12.0,0.69
LAL,23,16.0,0.92,15.0,0.87
LAL,24,10.0,0.58,5.0,0.29
LAL,25,9.0,0.52,7.0,0.4
LAL,26,6.0,0.35,7.0,0.4
LAL,27,1.0,0.06,1.0,0.06
LAL,28,1.0,0.06,1.0,0.06
LAL,29,3.0,0.17,0.0,0.0
LAL,30,5.0,0.29,5.0,0.29
LAL,31,4.0,0.23,3.0,0.17
LAL,32,5.0,0.29,4.0,0.23
LAL,33,1.0,0.06,3.0,0.17
LAL,34,2.0,0.12,1.0,0.06
LAL,35,1.0,0.06,1.0,0.06
LAL,36,1.0,0.06,0.0,0.0
LAL,37,0.0,0.0,1.0,0.06
LAL,38,0.0,0.0,1.0,0.06
LAL,39,1.0,0.06,0.0,0.0
LAL,40,3.0,0.17,2.0,0.12
LAL,41,1.0,0.06,1.0,0.06
LAL,42,0.0,0.0,1.0,0.06
LAL,43,1.0,0.06,1.0,0.06
LAL,44,1.0,0.06,2.0,0.12
LAL,47,1.0,0.06,0.0,0.0
LAL,48,2.0,0.12,1.0,0.06
LAL,51,0.0,0.0,1.0,0.06
LAL,53,1.0,0.06,0.0,0.0
LAL,54,0.0,0.0,2.0,0.12
LAL,55,2.0,0.12,0.0,0.0
LAL,58,1.0,0.06,0.0,0.0
LAL,61,1.0,0.06,1.0,0.06
LAL,64,0.0,0.0,3.0,0.17
LAL,65,1.0,0.06,2.0,0.12
LAL,66,1.0,0.06,0.0,0.0
LAL,67,1.0,0.06,1.0,0.06
LAL,68,2.0,0.12,0.0,0.0
LAL,70,1.0,0.06,0.0,0.0
LAL,76,0.0,0.0,1.0,0.06
LAL,83,1.0,0.06,0.0,0.0
LAL,89,0.0,0.0,1.0,0.06
LAL,90,1.0,0.06,0.0,0.0
LAL,93,0.0,0.0,2.0,0.12
LAL,96,1.0,0.06,0.0,0.0
LAL,99,0.0,0.0,1.0,0.06
LAL,100,1.0,0.06,0.0,0.0
LAL,102,1.0,0.06,0.0,0.0
LAL,107,0.0,0.0,1.0,0.06
LAL,108,1.0,0.06,0.0,0.0
LAL,109,0.0,0.0,1.0,0.06
LAL,112,1.0,0.06,0.0,0.0
LAL,120,0.0,0.0,1.0,0.06
LAL,123,1.0,0.06,0.0,0.0
LAL,127,0.0,0.0,1.0,0.06
LAL,136,1.0,0.06,0.0,0.0
LAL,173,0.0,0.0,1.0,0.06
LAL,176,1.0,0.06,1.0,0.06
LAL,183,0.0,0.0,1.0,0.06
LAL,186,1.0,0.06,0.0,0.0
LAL,190,1.0,0.06,0.0,0.0
LAL,220,0.0,0.0,1.0,0.06
LAL,230,1.0,0.06,0.0,0.0
LAL,293,0.0,0.0,1.0,0.06
LAL,308,1.0,0.06,0.0,0.0
LAL,356,0.0,0.0,1.0,0.06
LAL,368,0.0,0.0,1.0,0.06
LAL,372,1.0,0.06,0.0,0.0
LAL,378,1.0,0.06,0.0,0.0
LAL,614,0.0,0.0,1.0,0.06
LAL,649,1.0,0.06,0.0,0.0
LAL,2823,0.0,0.0,1.0,0.06
LAL,2945,1.0,0.06,0.0,0.0
Ladybird,0,1347.0,72.97,1842.0,99.78
Ladybird,1,328.0,17.77,2.0,0.11
Ladybird,2,119.0,6.45,1.0,0.05
Ladybird,3,33.0,1.79,0.0,0.0
Ladybird,4,10.0,0.54,1.0,0.05
Ladybird,5,4.0,0.22,0.0,0.0
Ladybird,6,1.0,0.05,0.0,0.0
Ladybird,7,2.0,0.11,0.0,0.0
Ladybird,8,2.0,0.11,0.0,0.0
Lulu,0,4612.0,88.07,5225.0,99.77
Lulu,1,547.0,10.44,10.0,0.19
Lulu,2,68.0,1.3,2.0,0.04
Lulu,3,8.0,0.15,0.0,0.0
Lulu,4,2.0,0.04,0.0,0.0
MCWC,0,1279.0,77.85,1533.0,93.3
MCWC,1,231.0,14.06,73.0,4.44
MCWC,2,80.0,4.87,23.0,1.4
MCWC,3,27.0,1.64,2.0,0.12
MCWC,4,11.0,0.67,2.0,0.12
MCWC,5,4.0,0.24,1.0,0.06
MCWC,6,2.0,0.12,1.0,0.06
MCWC,7,1.0,0.06,3.0,0.18
MCWC,8,3.0,0.18,2.0,0.12
MCWC,10,1.0,0.06,0.0,0.0
MCWC,12,0.0,0.0,1.0,0.06
MCWC,13,0.0,0.0,1.0,0.06
MCWC,15,2.0,0.12,1.0,0.06
MCWC,16,1.0,0.06,0.0,0.0
MCWC,28,1.0,0.06,0.0,0.0
Majarra,0,439.0,44.12,755.0,75.88
Majarra,1,271.0,27.24,155.0,15.58
Majarra,2,128.0,12.86,58.0,5.83
Majarra,3,72.0,7.24,14.0,1.41
Majarra,4,39.0,3.92,7.0,0.7
Majarra,5,23.0,2.31,3.0,0.3
Majarra,6,13.0,1.31,1.0,0.1
Majarra,7,4.0,0.4,0.0,0.0
Majarra,8,1.0,0.1,2.0,0.2
Majarra,9,2.0,0.2,0.0,0.0
Majarra,10,3.0,0.3,0.0,0.0
Majed,0,10640.0,83.32,12747.0,99.82
Majed,1,1613.0,12.63,20.0,0.16
Majed,2,387.0,3.03,3.0,0.02
Majed,3,91.0,0.71,0.0,0.0
Majed,4,30.0,0.23,0.0,0.0
Majed,5,8.0,0.06,0.0,0.0
Majed,6,1.0,0.01,0.0,0.0
MedArabiQ,0,31541.0,91.89,33866.0,98.67
MedArabiQ,1,1919.0,5.59,315.0,0.92
MedArabiQ,2,508.0,1.48,70.0,0.2
MedArabiQ,3,193.0,0.56,33.0,0.1
MedArabiQ,4,86.0,0.25,15.0,0.04
MedArabiQ,5,31.0,0.09,7.0,0.02
MedArabiQ,6,13.0,0.04,4.0,0.01
MedArabiQ,7,11.0,0.03,1.0,0.0
MedArabiQ,8,11.0,0.03,6.0,0.02
MedArabiQ,9,4.0,0.01,2.0,0.01
MedArabiQ,10,2.0,0.01,2.0,0.01
MedArabiQ,11,2.0,0.01,0.0,0.0
MedArabiQ,13,0.0,0.0,1.0,0.0
MedArabiQ,15,1.0,0.0,0.0,0.0
MedArabiQ,16,1.0,0.0,1.0,0.0
NT,5,3.0,0.52,3.0,0.52
NT,6,7.0,1.22,7.0,1.22
NT,7,1.0,0.17,1.0,0.17
NT,8,3.0,0.52,3.0,0.52
NT,9,3.0,0.52,3.0,0.52
NT,11,2.0,0.35,3.0,0.52
NT,12,2.0,0.35,1.0,0.17
NT,14,2.0,0.35,3.0,0.52
NT,15,2.0,0.35,2.0,0.35
NT,16,4.0,0.7,5.0,0.87
NT,17,2.0,0.35,1.0,0.17
NT,18,2.0,0.35,2.0,0.35
NT,19,6.0,1.05,5.0,0.87
NT,20,5.0,0.87,6.0,1.05
NT,21,3.0,0.52,4.0,0.7
NT,22,3.0,0.52,7.0,1.22
NT,23,7.0,1.22,9.0,1.57
NT,24,8.0,1.4,5.0,0.87
NT,25,10.0,1.75,10.0,1.75
NT,26,10.0,1.75,9.0,1.57
NT,27,11.0,1.92,10.0,1.75
NT,28,7.0,1.22,9.0,1.57
NT,29,9.0,1.57,15.0,2.62
NT,30,9.0,1.57,10.0,1.75
NT,31,11.0,1.92,15.0,2.62
NT,32,20.0,3.49,12.0,2.09
NT,33,16.0,2.79,15.0,2.62
NT,34,11.0,1.92,15.0,2.62
NT,35,15.0,2.62,11.0,1.92
NT,36,10.0,1.75,11.0,1.92
NT,37,8.0,1.4,10.0,1.75
NT,38,12.0,2.09,13.0,2.27
NT,39,14.0,2.44,17.0,2.97
NT,40,19.0,3.32,19.0,3.32
NT,41,10.0,1.75,14.0,2.44
NT,42,13.0,2.27,14.0,2.44
NT,43,15.0,2.62,12.0,2.09
NT,44,15.0,2.62,10.0,1.75
NT,45,8.0,1.4,9.0,1.57
NT,46,15.0,2.62,16.0,2.79
NT,47,13.0,2.27,16.0,2.79
NT,48,11.0,1.92,10.0,1.75
NT,49,11.0,1.92,12.0,2.09
NT,50,16.0,2.79,20.0,3.49
NT,51,11.0,1.92,15.0,2.62
NT,52,14.0,2.44,7.0,1.22
NT,53,12.0,2.09,11.0,1.92
NT,54,8.0,1.4,5.0,0.87
NT,55,7.0,1.22,10.0,1.75
NT,56,5.0,0.87,6.0,1.05
NT,57,11.0,1.92,10.0,1.75
NT,58,9.0,1.57,4.0,0.7
NT,59,7.0,1.22,7.0,1.22
NT,60,9.0,1.57,5.0,0.87
NT,61,6.0,1.05,12.0,2.09
NT,62,3.0,0.52,4.0,0.7
NT,63,4.0,0.7,2.0,0.35
NT,64,5.0,0.87,3.0,0.52
NT,65,8.0,1.4,5.0,0.87
NT,66,3.0,0.52,3.0,0.52
NT,67,5.0,0.87,5.0,0.87
NT,68,4.0,0.7,4.0,0.7
NT,69,5.0,0.87,4.0,0.7
NT,70,5.0,0.87,5.0,0.87
NT,71,3.0,0.52,1.0,0.17
NT,72,4.0,0.7,4.0,0.7
NT,73,3.0,0.52,5.0,0.87
NT,74,6.0,1.05,2.0,0.35
NT,75,2.0,0.35,5.0,0.87
NT,76,1.0,0.17,2.0,0.35
NT,77,1.0,0.17,3.0,0.52
NT,78,5.0,0.87,2.0,0.35
NT,79,3.0,0.52,0.0,0.0
NT,80,1.0,0.17,1.0,0.17
NT,81,0.0,0.0,2.0,0.35
NT,82,2.0,0.35,2.0,0.35
NT,83,3.0,0.52,0.0,0.0
NT,84,1.0,0.17,0.0,0.0
NT,85,1.0,0.17,1.0,0.17
NT,86,2.0,0.35,2.0,0.35
NT,87,0.0,0.0,1.0,0.17
NT,89,1.0,0.17,0.0,0.0
NT,91,0.0,0.0,2.0,0.35
NT,92,1.0,0.17,0.0,0.0
NT,94,1.0,0.17,0.0,0.0
NT,95,2.0,0.35,4.0,0.7
NT,96,2.0,0.35,0.0,0.0
NT,97,0.0,0.0,1.0,0.17
NT,98,0.0,0.0,1.0,0.17
NT,99,1.0,0.17,0.0,0.0
NT,100,1.0,0.17,1.0,0.17
NT,103,1.0,0.17,0.0,0.0
OT,5,3.0,0.56,3.0,0.56
OT,6,7.0,1.31,7.0,1.31
OT,7,1.0,0.19,1.0,0.19
OT,8,5.0,0.93,5.0,0.93
OT,9,5.0,0.93,6.0,1.12
OT,11,1.0,0.19,0.0,0.0
OT,13,1.0,0.19,3.0,0.56
OT,14,2.0,0.37,4.0,0.75
OT,15,1.0,0.19,3.0,0.56
OT,16,2.0,0.37,1.0,0.19
OT,17,1.0,0.19,1.0,0.19
OT,18,7.0,1.31,3.0,0.56
OT,19,0.0,0.0,6.0,1.12
OT,20,7.0,1.31,3.0,0.56
OT,21,4.0,0.75,5.0,0.93
OT,22,3.0,0.56,6.0,1.12
OT,23,8.0,1.5,6.0,1.12
OT,24,3.0,0.56,7.0,1.31
OT,25,9.0,1.68,13.0,2.43
OT,26,11.0,2.06,8.0,1.5
OT,27,8.0,1.5,8.0,1.5
OT,28,7.0,1.31,13.0,2.43
OT,29,12.0,2.24,11.0,2.06
OT,30,11.0,2.06,7.0,1.31
OT,31,10.0,1.87,12.0,2.24
OT,32,8.0,1.5,10.0,1.87
OT,33,14.0,2.62,16.0,2.99
OT,34,15.0,2.8,16.0,2.99
OT,35,10.0,1.87,13.0,2.43
OT,36,10.0,1.87,12.0,2.24
OT,37,16.0,2.99,12.0,2.24
OT,38,20.0,3.74,15.0,2.8
OT,39,6.0,1.12,13.0,2.43
OT,40,10.0,1.87,11.0,2.06
OT,41,13.0,2.43,7.0,1.31
OT,42,11.0,2.06,17.0,3.18
OT,43,9.0,1.68,14.0,2.62
OT,44,18.0,3.36,18.0,3.36
OT,45,12.0,2.24,4.0,0.75
OT,46,14.0,2.62,13.0,2.43
OT,47,9.0,1.68,9.0,1.68
OT,48,12.0,2.24,15.0,2.8
OT,49,11.0,2.06,5.0,0.93
OT,50,10.0,1.87,13.0,2.43
OT,51,10.0,1.87,8.0,1.5
OT,52,11.0,2.06,6.0,1.12
OT,53,7.0,1.31,9.0,1.68
OT,54,6.0,1.12,7.0,1.31
OT,55,4.0,0.75,4.0,0.75
OT,56,7.0,1.31,11.0,2.06
OT,57,11.0,2.06,5.0,0.93
OT,58,9.0,1.68,3.0,0.56
OT,59,2.0,0.37,6.0,1.12
OT,60,5.0,0.93,9.0,1.68
OT,61,5.0,0.93,3.0,0.56
OT,62,6.0,1.12,9.0,1.68
OT,63,4.0,0.75,3.0,0.56
OT,64,7.0,1.31,5.0,0.93
OT,65,8.0,1.5,8.0,1.5
OT,66,2.0,0.37,3.0,0.56
OT,67,6.0,1.12,2.0,0.37
OT,68,5.0,0.93,6.0,1.12
OT,69,2.0,0.37,4.0,0.75
OT,70,12.0,2.24,3.0,0.56
OT,71,4.0,0.75,4.0,0.75
OT,72,1.0,0.19,1.0,0.19
OT,73,1.0,0.19,4.0,0.75
OT,74,5.0,0.93,2.0,0.37
OT,75,1.0,0.19,3.0,0.56
OT,76,3.0,0.56,3.0,0.56
OT,77,2.0,0.37,2.0,0.37
OT,78,3.0,0.56,1.0,0.19
OT,79,0.0,0.0,2.0,0.37
OT,80,2.0,0.37,1.0,0.19
OT,81,2.0,0.37,2.0,0.37
OT,82,3.0,0.56,3.0,0.56
OT,83,3.0,0.56,0.0,0.0
OT,84,1.0,0.19,4.0,0.75
OT,85,2.0,0.37,0.0,0.0
OT,86,2.0,0.37,1.0,0.19
OT,87,0.0,0.0,3.0,0.56
OT,88,0.0,0.0,3.0,0.56
OT,89,5.0,0.93,1.0,0.19
OT,90,3.0,0.56,2.0,0.37
OT,91,2.0,0.37,1.0,0.19
OT,93,0.0,0.0,1.0,0.19
OT,94,1.0,0.19,0.0,0.0
OT,95,1.0,0.19,1.0,0.19
OT,96,1.0,0.19,0.0,0.0
OT,98,0.0,0.0,1.0,0.19
OT,102,1.0,0.19,0.0,0.0
Odes,0,33.0,4.21,116.0,14.8
Odes,1,38.0,4.85,3.0,0.38
Odes,2,32.0,4.08,0.0,0.0
Odes,3,10.0,1.28,1.0,0.13
Odes,4,4.0,0.51,1.0,0.13
Odes,5,3.0,0.38,0.0,0.0
Odes,6,1.0,0.13,4.0,0.51
Odes,7,2.0,0.26,4.0,0.51
Odes,8,3.0,0.38,2.0,0.26
Odes,9,1.0,0.13,3.0,0.38
Odes,10,4.0,0.51,7.0,0.89
Odes,11,4.0,0.51,7.0,0.89
Odes,12,5.0,0.64,8.0,1.02
Odes,13,11.0,1.4,13.0,1.66
Odes,14,14.0,1.79,18.0,2.3
Odes,15,23.0,2.93,30.0,3.83
Odes,16,15.0,1.91,19.0,2.42
Odes,17,23.0,2.93,21.0,2.68
Odes,18,20.0,2.55,17.0,2.17
Odes,19,26.0,3.32,14.0,1.79
Odes,20,16.0,2.04,26.0,3.32
Odes,21,21.0,2.68,24.0,3.06
Odes,22,26.0,3.32,33.0,4.21
Odes,23,22.0,2.81,24.0,3.06
Odes,24,37.0,4.72,26.0,3.32
Odes,25,23.0,2.93,19.0,2.42
Odes,26,16.0,2.04,21.0,2.68
Odes,27,20.0,2.55,15.0,1.91
Odes,28,19.0,2.42,20.0,2.55
Odes,29,17.0,2.17,27.0,3.44
Odes,30,23.0,2.93,45.0,5.74
Odes,31,37.0,4.72,42.0,5.36
Odes,32,48.0,6.12,28.0,3.57
Odes,33,40.0,5.1,46.0,5.87
Odes,34,33.0,4.21,23.0,2.93
Odes,35,32.0,4.08,36.0,4.59
Odes,36,36.0,4.59,18.0,2.3
Odes,37,25.0,3.19,16.0,2.04
Odes,38,14.0,1.79,3.0,0.38
Odes,39,4.0,0.51,4.0,0.51
Odes,40,3.0,0.38,0.0,0.0
Ofoq,0,2277.0,12.03,2400.0,12.68
Ofoq,1,1230.0,6.5,1379.0,7.28
Ofoq,2,1157.0,6.11,1312.0,6.93
Ofoq,3,1147.0,6.06,1300.0,6.87
Ofoq,4,1133.0,5.99,1279.0,6.76
Ofoq,5,1115.0,5.89,1263.0,6.67
Ofoq,6,1040.0,5.49,1124.0,5.94
Ofoq,7,982.0,5.19,1035.0,5.47
Ofoq,8,960.0,5.07,1017.0,5.37
Ofoq,9,917.0,4.84,878.0,4.64
Ofoq,10,760.0,4.01,757.0,4.0
Ofoq,11,740.0,3.91,702.0,3.71
Ofoq,12,630.0,3.33,580.0,3.06
Ofoq,13,588.0,3.11,535.0,2.83
Ofoq,14,460.0,2.43,464.0,2.45
Ofoq,15,425.0,2.25,371.0,1.96
Ofoq,16,425.0,2.25,365.0,1.93
Ofoq,17,362.0,1.91,299.0,1.58
Ofoq,18,316.0,1.67,251.0,1.33
Ofoq,19,282.0,1.49,212.0,1.12
Ofoq,20,233.0,1.23,193.0,1.02
Ofoq,21,222.0,1.17,165.0,0.87
Ofoq,22,182.0,0.96,158.0,0.83
Ofoq,23,159.0,0.84,127.0,0.67
Ofoq,24,160.0,0.85,109.0,0.58
Ofoq,25,135.0,0.71,91.0,0.48
Ofoq,26,105.0,0.55,70.0,0.37
Ofoq,27,93.0,0.49,70.0,0.37
Ofoq,28,96.0,0.51,54.0,0.29
Ofoq,29,55.0,0.29,47.0,0.25
Ofoq,30,75.0,0.4,40.0,0.21
Ofoq,31,52.0,0.27,31.0,0.16
Ofoq,32,53.0,0.28,34.0,0.18
Ofoq,33,46.0,0.24,34.0,0.18
Ofoq,34,35.0,0.18,18.0,0.1
Ofoq,35,25.0,0.13,25.0,0.13
Ofoq,36,25.0,0.13,10.0,0.05
Ofoq,37,28.0,0.15,20.0,0.11
Ofoq,38,26.0,0.14,16.0,0.08
Ofoq,39,26.0,0.14,14.0,0.07
Ofoq,40,7.0,0.04,8.0,0.04
Ofoq,41,16.0,0.08,8.0,0.04
Ofoq,42,10.0,0.05,6.0,0.03
Ofoq,43,12.0,0.06,9.0,0.05
Ofoq,44,14.0,0.07,4.0,0.02
Ofoq,45,15.0,0.08,6.0,0.03
Ofoq,46,4.0,0.02,6.0,0.03
Ofoq,47,6.0,0.03,4.0,0.02
Ofoq,48,11.0,0.06,5.0,0.03
Ofoq,49,12.0,0.06,3.0,0.02
Ofoq,50,5.0,0.03,5.0,0.03
Ofoq,51,3.0,0.02,0.0,0.0
Ofoq,52,4.0,0.02,3.0,0.02
Ofoq,53,2.0,0.01,2.0,0.01
Ofoq,54,5.0,0.03,1.0,0.01
Ofoq,56,2.0,0.01,3.0,0.02
Ofoq,57,4.0,0.02,2.0,0.01
Ofoq,58,4.0,0.02,0.0,0.0
Ofoq,59,1.0,0.01,0.0,0.0
Ofoq,61,2.0,0.01,1.0,0.01
Ofoq,62,3.0,0.02,0.0,0.0
Ofoq,63,2.0,0.01,1.0,0.01
Ofoq,64,3.0,0.02,1.0,0.01
Ofoq,66,1.0,0.01,0.0,0.0
Ofoq,68,1.0,0.01,0.0,0.0
Ofoq,70,1.0,0.01,0.0,0.0
Ofoq,79,0.0,0.0,1.0,0.01
Ofoq,81,0.0,0.0,1.0,0.01
Ofoq,83,1.0,0.01,0.0,0.0
Ofoq,84,1.0,0.01,0.0,0.0
Ofoq,106,0.0,0.0,1.0,0.01
Ofoq,115,1.0,0.01,0.0,0.0
Other,0,285.0,21.99,346.0,26.7
Other,1,219.0,16.9,217.0,16.74
Other,2,178.0,13.73,163.0,12.58
Other,3,142.0,10.96,144.0,11.11
Other,4,115.0,8.87,110.0,8.49
Other,5,99.0,7.64,84.0,6.48
Other,6,70.0,5.4,59.0,4.55
Other,7,52.0,4.01,47.0,3.63
Other,8,40.0,3.09,40.0,3.09
Other,9,28.0,2.16,27.0,2.08
Other,10,20.0,1.54,18.0,1.39
Other,11,11.0,0.85,8.0,0.62
Other,12,11.0,0.85,13.0,1.0
Other,13,10.0,0.77,8.0,0.62
Other,14,7.0,0.54,3.0,0.23
Other,15,3.0,0.23,5.0,0.39
Other,16,3.0,0.23,2.0,0.15
Other,17,1.0,0.08,1.0,0.08
Other,19,2.0,0.15,1.0,0.08
Quran,0,2.0,0.35,2.0,0.35
Quran,4,0.0,0.0,1.0,0.17
Quran,5,2.0,0.35,2.0,0.35
Quran,6,4.0,0.7,3.0,0.52
Quran,7,1.0,0.17,2.0,0.35
Quran,8,1.0,0.17,2.0,0.35
Quran,9,4.0,0.7,6.0,1.05
Quran,10,8.0,1.4,8.0,1.4
Quran,11,7.0,1.22,4.0,0.7
Quran,12,7.0,1.22,11.0,1.92
Quran,13,5.0,0.87,7.0,1.22
Quran,14,9.0,1.57,5.0,0.87
Quran,15,15.0,2.62,14.0,2.45
Quran,16,6.0,1.05,7.0,1.22
Quran,17,6.0,1.05,4.0,0.7
Quran,18,4.0,0.7,4.0,0.7
Quran,19,1.0,0.17,1.0,0.17
Quran,20,1.0,0.17,1.0,0.17
Quran,21,4.0,0.7,7.0,1.22
Quran,22,1.0,0.17,2.0,0.35
Quran,23,8.0,1.4,5.0,0.87
Quran,24,0.0,0.0,2.0,0.35
Quran,25,9.0,1.57,9.0,1.57
Quran,26,4.0,0.7,3.0,0.52
Quran,27,3.0,0.52,2.0,0.35
Quran,28,2.0,0.35,4.0,0.7
Quran,29,8.0,1.4,7.0,1.22
Quran,30,7.0,1.22,5.0,0.87
Quran,31,4.0,0.7,5.0,0.87
Quran,32,1.0,0.17,3.0,0.52
Quran,33,6.0,1.05,5.0,0.87
Quran,34,2.0,0.35,6.0,1.05
Quran,35,7.0,1.22,7.0,1.22
Quran,36,5.0,0.87,12.0,2.1
Quran,37,10.0,1.75,8.0,1.4
Quran,38,17.0,2.97,12.0,2.1
Quran,39,8.0,1.4,7.0,1.22
Quran,40,6.0,1.05,4.0,0.7
Quran,41,3.0,0.52,9.0,1.57
Quran,42,9.0,1.57,9.0,1.57
Quran,43,5.0,0.87,5.0,0.87
Quran,44,10.0,1.75,8.0,1.4
Quran,45,4.0,0.7,9.0,1.57
Quran,46,12.0,2.1,11.0,1.92
Quran,47,13.0,2.27,8.0,1.4
Quran,48,8.0,1.4,12.0,2.1
Quran,49,7.0,1.22,8.0,1.4
Quran,50,7.0,1.22,9.0,1.57
Quran,51,8.0,1.4,8.0,1.4
Quran,52,10.0,1.75,6.0,1.05
Quran,53,5.0,0.87,5.0,0.87
Quran,54,6.0,1.05,8.0,1.4
Quran,55,8.0,1.4,7.0,1.22
Quran,56,7.0,1.22,5.0,0.87
Quran,57,4.0,0.7,9.0,1.57
Quran,58,10.0,1.75,5.0,0.87
Quran,59,8.0,1.4,7.0,1.22
Quran,60,7.0,1.22,5.0,0.87
Quran,61,3.0,0.52,4.0,0.7
Quran,62,4.0,0.7,5.0,0.87
Quran,63,5.0,0.87,7.0,1.22
Quran,64,6.0,1.05,1.0,0.17
Quran,65,3.0,0.52,6.0,1.05
Quran,66,4.0,0.7,7.0,1.22
Quran,67,7.0,1.22,6.0,1.05
Quran,68,4.0,0.7,7.0,1.22
Quran,69,5.0,0.87,1.0,0.17
Quran,70,6.0,1.05,2.0,0.35
Quran,71,1.0,0.17,4.0,0.7
Quran,72,5.0,0.87,5.0,0.87
Quran,73,2.0,0.35,4.0,0.7
Quran,74,6.0,1.05,6.0,1.05
Quran,75,2.0,0.35,3.0,0.52
Quran,76,8.0,1.4,2.0,0.35
Quran,77,1.0,0.17,3.0,0.52
Quran,78,1.0,0.17,3.0,0.52
Quran,79,4.0,0.7,2.0,0.35
Quran,80,1.0,0.17,8.0,1.4
Quran,81,5.0,0.87,1.0,0.17
Quran,82,3.0,0.52,1.0,0.17
Quran,83,5.0,0.87,3.0,0.52
Quran,84,1.0,0.17,6.0,1.05
Quran,85,4.0,0.7,2.0,0.35
Quran,86,5.0,0.87,2.0,0.35
Quran,87,3.0,0.52,3.0,0.52
Quran,88,5.0,0.87,2.0,0.35
Quran,89,0.0,0.0,4.0,0.7
Quran,90,2.0,0.35,2.0,0.35
Quran,91,1.0,0.17,1.0,0.17
Quran,92,5.0,0.87,1.0,0.17
Quran,93,0.0,0.0,4.0,0.7
Quran,94,2.0,0.35,2.0,0.35
Quran,95,3.0,0.52,6.0,1.05
Quran,96,2.0,0.35,4.0,0.7
Quran,97,6.0,1.05,1.0,0.17
Quran,98,2.0,0.35,5.0,0.87
Quran,99,4.0,0.7,3.0,0.52
Quran,100,2.0,0.35,4.0,0.7
Quran,101,5.0,0.87,3.0,0.52
Quran,102,4.0,0.7,2.0,0.35
Quran,103,3.0,0.52,4.0,0.7
Quran,104,2.0,0.35,4.0,0.7
Quran,105,5.0,0.87,1.0,0.17
Quran,106,2.0,0.35,4.0,0.7
Quran,107,5.0,0.87,2.0,0.35
Quran,108,2.0,0.35,3.0,0.52
Quran,109,2.0,0.35,2.0,0.35
Quran,110,3.0,0.52,1.0,0.17
Quran,112,2.0,0.35,1.0,0.17
Quran,113,1.0,0.17,0.0,0.0
Quran,114,2.0,0.35,1.0,0.17
Quran,115,0.0,0.0,1.0,0.17
Quran,116,0.0,0.0,1.0,0.17
Quran,118,1.0,0.17,0.0,0.0
Quran,119,1.0,0.17,1.0,0.17
Quran,121,2.0,0.35,1.0,0.17
Quran,122,0.0,0.0,2.0,0.35
Quran,123,0.0,0.0,1.0,0.17
Quran,125,1.0,0.17,2.0,0.35
Quran,126,2.0,0.35,1.0,0.17
Quran,127,2.0,0.35,0.0,0.0
Quran,128,1.0,0.17,3.0,0.52
Quran,129,0.0,0.0,1.0,0.17
Quran,130,3.0,0.52,1.0,0.17
Quran,131,1.0,0.17,2.0,0.35
Quran,134,1.0,0.17,0.0,0.0
Quran,135,1.0,0.17,0.0,0.0
Quran,136,2.0,0.35,2.0,0.35
Quran,137,1.0,0.17,0.0,0.0
Quran,141,1.0,0.17,0.0,0.0
Quran,146,0.0,0.0,1.0,0.17
Quran,147,1.0,0.17,1.0,0.17
Quran,151,1.0,0.17,1.0,0.17
Quran,152,0.0,0.0,1.0,0.17
Quran,153,0.0,0.0,3.0,0.52
Quran,154,1.0,0.17,1.0,0.17
Quran,155,0.0,0.0,2.0,0.35
Quran,156,1.0,0.17,0.0,0.0
Quran,157,2.0,0.35,0.0,0.0
Quran,158,2.0,0.35,1.0,0.17
Quran,160,0.0,0.0,2.0,0.35
Quran,161,2.0,0.35,0.0,0.0
Quran,162,1.0,0.17,1.0,0.17
Quran,165,2.0,0.35,0.0,0.0
Quran,166,0.0,0.0,1.0,0.17
Quran,167,1.0,0.17,0.0,0.0
Quran,168,0.0,0.0,1.0,0.17
Quran,170,0.0,0.0,1.0,0.17
Quran,171,1.0,0.17,0.0,0.0
Quran,172,1.0,0.17,0.0,0.0
Quran,175,0.0,0.0,1.0,0.17
Quran,176,1.0,0.17,0.0,0.0
Quran,177,1.0,0.17,0.0,0.0
Quran,192,0.0,0.0,1.0,0.17
Quran,197,1.0,0.17,2.0,0.35
Quran,202,1.0,0.17,1.0,0.17
Quran,203,1.0,0.17,0.0,0.0
Quran,204,1.0,0.17,0.0,0.0
Quran,205,0.0,0.0,1.0,0.17
Quran,209,0.0,0.0,1.0,0.17
Quran,214,1.0,0.17,0.0,0.0
Quran,215,1.0,0.17,0.0,0.0
Quran,235,0.0,0.0,1.0,0.17
Quran,241,0.0,0.0,1.0,0.17
Quran,242,1.0,0.17,0.0,0.0
Quran,243,1.0,0.17,1.0,0.17
Quran,247,0.0,0.0,1.0,0.17
Quran,252,0.0,0.0,1.0,0.17
Quran,253,1.0,0.17,0.0,0.0
Quran,254,1.0,0.17,0.0,0.0
Quran,256,1.0,0.17,0.0,0.0
Quran,449,0.0,0.0,1.0,0.17
Quran,468,1.0,0.17,0.0,0.0
ReadMe,0,1334.0,68.59,1603.0,82.42
ReadMe,1,255.0,13.11,122.0,6.27
ReadMe,2,115.0,5.91,54.0,2.78
ReadMe,3,55.0,2.83,26.0,1.34
ReadMe,4,33.0,1.7,16.0,0.82
ReadMe,5,19.0,0.98,10.0,0.51
ReadMe,6,13.0,0.67,5.0,0.26
ReadMe,7,6.0,0.31,6.0,0.31
ReadMe,8,11.0,0.57,5.0,0.26
ReadMe,9,5.0,0.26,11.0,0.57
ReadMe,10,9.0,0.46,10.0,0.51
ReadMe,11,11.0,0.57,10.0,0.51
ReadMe,12,12.0,0.62,8.0,0.41
ReadMe,13,13.0,0.67,9.0,0.46
ReadMe,14,6.0,0.31,3.0,0.15
ReadMe,15,3.0,0.15,3.0,0.15
ReadMe,17,0.0,0.0,1.0,0.05
ReadMe,19,1.0,0.05,2.0,0.1
ReadMe,20,2.0,0.1,1.0,0.05
ReadMe,21,1.0,0.05,0.0,0.0
ReadMe,23,3.0,0.15,2.0,0.1
ReadMe,25,0.0,0.0,1.0,0.05
ReadMe,27,1.0,0.05,0.0,0.0
ReadMe,28,1.0,0.05,1.0,0.05
ReadMe,29,0.0,0.0,1.0,0.05
ReadMe,30,1.0,0.05,1.0,0.05
ReadMe,32,0.0,0.0,2.0,0.1
ReadMe,33,1.0,0.05,0.0,0.0
ReadMe,34,2.0,0.1,0.0,0.0
ReadMe,35,0.0,0.0,1.0,0.05
ReadMe,37,0.0,0.0,1.0,0.05
ReadMe,38,1.0,0.05,1.0,0.05
ReadMe,39,1.0,0.05,1.0,0.05
ReadMe,41,3.0,0.15,2.0,0.1
ReadMe,43,1.0,0.05,1.0,0.05
ReadMe,44,1.0,0.05,0.0,0.0
ReadMe,45,1.0,0.05,3.0,0.15
ReadMe,46,1.0,0.05,0.0,0.0
ReadMe,47,2.0,0.1,1.0,0.05
ReadMe,50,2.0,0.1,2.0,0.1
ReadMe,51,0.0,0.0,1.0,0.05
ReadMe,52,0.0,0.0,1.0,0.05
ReadMe,53,1.0,0.05,0.0,0.0
ReadMe,55,2.0,0.1,1.0,0.05
ReadMe,58,1.0,0.05,1.0,0.05
ReadMe,59,1.0,0.05,1.0,0.05
ReadMe,66,0.0,0.0,1.0,0.05
ReadMe,67,1.0,0.05,0.0,0.0
ReadMe,69,0.0,0.0,1.0,0.05
ReadMe,71,0.0,0.0,1.0,0.05
ReadMe,72,2.0,0.1,1.0,0.05
ReadMe,76,1.0,0.05,0.0,0.0
ReadMe,77,0.0,0.0,2.0,0.1
ReadMe,79,1.0,0.05,0.0,0.0
ReadMe,80,0.0,0.0,1.0,0.05
ReadMe,81,1.0,0.05,0.0,0.0
ReadMe,83,1.0,0.05,0.0,0.0
ReadMe,87,0.0,0.0,1.0,0.05
ReadMe,88,1.0,0.05,0.0,0.0
ReadMe,93,1.0,0.05,1.0,0.05
ReadMe,99,1.0,0.05,1.0,0.05
ReadMe,109,0.0,0.0,2.0,0.1
ReadMe,112,2.0,0.1,0.0,0.0
ReadMe,145,0.0,0.0,1.0,0.05
ReadMe,148,1.0,0.05,0.0,0.0
ReadMe,178,0.0,0.0,1.0,0.05
ReadMe,181,1.0,0.05,0.0,0.0
ReadingCorner,0,949.0,86.75,1094.0,100.0
ReadingCorner,1,119.0,10.88,0.0,0.0
ReadingCorner,2,17.0,1.55,0.0,0.0
ReadingCorner,3,7.0,0.64,0.0,0.0
ReadingCorner,4,1.0,0.09,0.0,0.0
ReadingCorner,5,1.0,0.09,0.0,0.0
Sara,0,26.0,44.07,37.0,62.71
Sara,1,11.0,18.64,6.0,10.17
Sara,2,6.0,10.17,6.0,10.17
Sara,3,1.0,1.69,4.0,6.78
Sara,4,4.0,6.78,2.0,3.39
Sara,5,2.0,3.39,2.0,3.39
Sara,6,1.0,1.69,1.0,1.69
Sara,7,5.0,8.47,0.0,0.0
Sara,10,1.0,1.69,0.0,0.0
Sara,12,1.0,1.69,0.0,0.0
Sara,13,0.0,0.0,1.0,1.69
Sara,15,1.0,1.69,0.0,0.0
SpacetoonSong,0,909.0,94.89,936.0,97.7
SpacetoonSong,1,30.0,3.13,13.0,1.36
SpacetoonSong,2,11.0,1.15,3.0,0.31
SpacetoonSong,3,2.0,0.21,3.0,0.31
SpacetoonSong,4,3.0,0.31,3.0,0.31
SpacetoonSong,5,2.0,0.21,0.0,0.0
SpacetoonSong,7,1.0,0.1,0.0,0.0
Subtitles,0,567.0,100.0,567.0,100.0
Superman,0,7289.0,85.99,8411.0,99.22
Superman,1,970.0,11.44,65.0,0.77
Superman,2,180.0,2.12,1.0,0.01
Superman,3,32.0,0.38,0.0,0.0
Superman,4,5.0,0.06,0.0,0.0
Superman,6,1.0,0.01,0.0,0.0
TheFiveAdventurers,0,8190.0,79.3,10295.0,99.68
TheFiveAdventurers,1,1682.0,16.29,31.0,0.3
TheFiveAdventurers,2,361.0,3.5,2.0,0.02
TheFiveAdventurers,3,72.0,0.7,0.0,0.0
TheFiveAdventurers,4,13.0,0.13,0.0,0.0
TheFiveAdventurers,5,8.0,0.08,0.0,0.0
TheFiveAdventurers,6,1.0,0.01,0.0,0.0
TheFiveAdventurers,10,1.0,0.01,0.0,0.0
TunisCurriculum,0,6803.0,77.46,8674.0,98.76
TunisCurriculum,1,1231.0,14.02,94.0,1.07
TunisCurriculum,2,508.0,5.78,12.0,0.14
TunisCurriculum,3,141.0,1.61,2.0,0.02
TunisCurriculum,4,59.0,0.67,1.0,0.01
TunisCurriculum,5,19.0,0.22,0.0,0.0
TunisCurriculum,6,12.0,0.14,0.0,0.0
TunisCurriculum,7,6.0,0.07,0.0,0.0
TunisCurriculum,8,4.0,0.05,0.0,0.0
UN,0,31.0,33.33,33.0,35.48
UN,1,2.0,2.15,2.0,2.15
UN,2,4.0,4.3,5.0,5.38
UN,3,6.0,6.45,9.0,9.68
UN,4,5.0,5.38,5.0,5.38
UN,5,3.0,3.23,3.0,3.23
UN,6,8.0,8.6,9.0,9.68
UN,7,6.0,6.45,5.0,5.38
UN,8,9.0,9.68,4.0,4.3
UN,9,0.0,0.0,3.0,3.23
UN,10,4.0,4.3,1.0,1.08
UN,11,2.0,2.15,2.0,2.15
UN,13,2.0,2.15,3.0,3.23
UN,14,1.0,1.08,1.0,1.08
UN,15,3.0,3.23,5.0,5.38
UN,16,4.0,4.3,1.0,1.08
UN,17,0.0,0.0,2.0,2.15
UN,19,1.0,1.08,0.0,0.0
UN,20,1.0,1.08,0.0,0.0
UN,21,1.0,1.08,0.0,0.0
WikiNews,5,1.0,0.11,1.0,0.11
WikiNews,10,1.0,0.11,3.0,0.34
WikiNews,11,3.0,0.34,1.0,0.11
WikiNews,12,0.0,0.0,1.0,0.11
WikiNews,13,0.0,0.0,3.0,0.34
WikiNews,14,2.0,0.23,2.0,0.23
WikiNews,15,5.0,0.57,6.0,0.68
WikiNews,16,7.0,0.8,5.0,0.57
WikiNews,17,4.0,0.46,5.0,0.57
WikiNews,18,5.0,0.57,5.0,0.57
WikiNews,19,4.0,0.46,7.0,0.8
WikiNews,20,3.0,0.34,7.0,0.8
WikiNews,21,11.0,1.25,8.0,0.91
WikiNews,22,9.0,1.02,7.0,0.8
WikiNews,23,9.0,1.02,8.0,0.91
WikiNews,24,11.0,1.25,14.0,1.59
WikiNews,25,8.0,0.91,5.0,0.57
WikiNews,26,8.0,0.91,13.0,1.48
WikiNews,27,13.0,1.48,14.0,1.59
WikiNews,28,10.0,1.14,7.0,0.8
WikiNews,29,12.0,1.37,18.0,2.05
WikiNews,30,16.0,1.82,14.0,1.59
WikiNews,31,14.0,1.59,15.0,1.71
WikiNews,32,13.0,1.48,11.0,1.25
WikiNews,33,9.0,1.02,15.0,1.71
WikiNews,34,15.0,1.71,12.0,1.37
WikiNews,35,17.0,1.93,12.0,1.37
WikiNews,36,12.0,1.37,13.0,1.48
WikiNews,37,8.0,0.91,17.0,1.93
WikiNews,38,12.0,1.37,9.0,1.02
WikiNews,39,12.0,1.37,9.0,1.02
WikiNews,40,16.0,1.82,13.0,1.48
WikiNews,41,12.0,1.37,11.0,1.25
WikiNews,42,6.0,0.68,11.0,1.25
WikiNews,43,9.0,1.02,12.0,1.37
WikiNews,44,11.0,1.25,11.0,1.25
WikiNews,45,13.0,1.48,9.0,1.02
WikiNews,46,7.0,0.8,9.0,1.02
WikiNews,47,11.0,1.25,17.0,1.93
WikiNews,48,12.0,1.37,12.0,1.37
WikiNews,49,11.0,1.25,14.0,1.59
WikiNews,50,14.0,1.59,9.0,1.02
WikiNews,51,13.0,1.48,14.0,1.59
WikiNews,52,11.0,1.25,8.0,0.91
WikiNews,53,15.0,1.71,19.0,2.16
WikiNews,54,10.0,1.14,7.0,0.8
WikiNews,55,13.0,1.48,7.0,0.8
WikiNews,56,12.0,1.37,14.0,1.59
WikiNews,57,10.0,1.14,11.0,1.25
WikiNews,58,8.0,0.91,6.0,0.68
WikiNews,59,11.0,1.25,12.0,1.37
WikiNews,60,9.0,1.02,9.0,1.02
WikiNews,61,11.0,1.25,8.0,0.91
WikiNews,62,6.0,0.68,7.0,0.8
WikiNews,63,6.0,0.68,7.0,0.8
WikiNews,64,9.0,1.02,6.0,0.68
WikiNews,65,4.0,0.46,9.0,1.02
WikiNews,66,7.0,0.8,11.0,1.25
WikiNews,67,12.0,1.37,12.0,1.37
WikiNews,68,13.0,1.48,3.0,0.34
WikiNews,69,6.0,0.68,7.0,0.8
WikiNews,70,7.0,0.8,12.0,1.37
WikiNews,71,7.0,0.8,12.0,1.37
WikiNews,72,10.0,1.14,10.0,1.14
WikiNews,73,5.0,0.57,8.0,0.91
WikiNews,74,9.0,1.02,10.0,1.14
WikiNews,75,13.0,1.48,8.0,0.91
WikiNews,76,12.0,1.37,7.0,0.8
WikiNews,77,5.0,0.57,9.0,1.02
WikiNews,78,10.0,1.14,8.0,0.91
WikiNews,79,7.0,0.8,5.0,0.57
WikiNews,80,11.0,1.25,8.0,0.91
WikiNews,81,7.0,0.8,5.0,0.57
WikiNews,82,5.0,0.57,4.0,0.46
WikiNews,83,5.0,0.57,8.0,0.91
WikiNews,84,5.0,0.57,5.0,0.57
WikiNews,85,7.0,0.8,4.0,0.46
WikiNews,86,4.0,0.46,0.0,0.0
WikiNews,87,3.0,0.34,8.0,0.91
WikiNews,88,4.0,0.46,9.0,1.02
WikiNews,89,1.0,0.11,5.0,0.57
WikiNews,90,7.0,0.8,5.0,0.57
WikiNews,91,7.0,0.8,6.0,0.68
WikiNews,92,8.0,0.91,7.0,0.8
WikiNews,93,3.0,0.34,5.0,0.57
WikiNews,94,8.0,0.91,0.0,0.0
WikiNews,95,3.0,0.34,5.0,0.57
WikiNews,96,3.0,0.34,3.0,0.34
WikiNews,97,3.0,0.34,4.0,0.46
WikiNews,98,4.0,0.46,3.0,0.34
WikiNews,99,6.0,0.68,0.0,0.0
WikiNews,100,3.0,0.34,8.0,0.91
WikiNews,101,1.0,0.11,2.0,0.23
WikiNews,102,4.0,0.46,2.0,0.23
WikiNews,103,2.0,0.23,1.0,0.11
WikiNews,104,4.0,0.46,5.0,0.57
WikiNews,105,4.0,0.46,4.0,0.46
WikiNews,106,2.0,0.23,0.0,0.0
WikiNews,107,3.0,0.34,2.0,0.23
WikiNews,108,3.0,0.34,3.0,0.34
WikiNews,109,1.0,0.11,3.0,0.34
WikiNews,110,3.0,0.34,4.0,0.46
WikiNews,111,2.0,0.23,2.0,0.23
WikiNews,112,2.0,0.23,0.0,0.0
WikiNews,113,1.0,0.11,2.0,0.23
WikiNews,114,1.0,0.11,3.0,0.34
WikiNews,115,5.0,0.57,5.0,0.57
WikiNews,116,3.0,0.34,1.0,0.11
WikiNews,117,2.0,0.23,4.0,0.46
WikiNews,118,3.0,0.34,1.0,0.11
WikiNews,119,4.0,0.46,2.0,0.23
WikiNews,120,1.0,0.11,1.0,0.11
WikiNews,121,2.0,0.23,3.0,0.34
WikiNews,122,3.0,0.34,2.0,0.23
WikiNews,123,1.0,0.11,1.0,0.11
WikiNews,124,1.0,0.11,2.0,0.23
WikiNews,125,2.0,0.23,0.0,0.0
WikiNews,126,0.0,0.0,1.0,0.11
WikiNews,127,0.0,0.0,1.0,0.11
WikiNews,128,4.0,0.46,4.0,0.46
WikiNews,129,3.0,0.34,1.0,0.11
WikiNews,130,2.0,0.23,4.0,0.46
WikiNews,131,0.0,0.0,1.0,0.11
WikiNews,132,3.0,0.34,1.0,0.11
WikiNews,133,3.0,0.34,1.0,0.11
WikiNews,135,0.0,0.0,3.0,0.34
WikiNews,136,2.0,0.23,2.0,0.23
WikiNews,138,1.0,0.11,3.0,0.34
WikiNews,139,4.0,0.46,1.0,0.11
WikiNews,140,2.0,0.23,1.0,0.11
WikiNews,141,0.0,0.0,2.0,0.23
WikiNews,142,0.0,0.0,3.0,0.34
WikiNews,143,3.0,0.34,3.0,0.34
WikiNews,144,5.0,0.57,1.0,0.11
WikiNews,145,1.0,0.11,0.0,0.0
WikiNews,146,2.0,0.23,0.0,0.0
WikiNews,148,1.0,0.11,0.0,0.0
WikiNews,150,1.0,0.11,1.0,0.11
WikiNews,152,1.0,0.11,1.0,0.11
WikiNews,154,1.0,0.11,1.0,0.11
WikiNews,155,0.0,0.0,1.0,0.11
WikiNews,158,2.0,0.23,1.0,0.11
WikiNews,159,1.0,0.11,2.0,0.23
WikiNews,160,1.0,0.11,0.0,0.0
WikiNews,162,0.0,0.0,1.0,0.11
WikiNews,165,0.0,0.0,2.0,0.23
WikiNews,166,1.0,0.11,1.0,0.11
WikiNews,168,2.0,0.23,2.0,0.23
WikiNews,169,1.0,0.11,0.0,0.0
WikiNews,170,1.0,0.11,3.0,0.34
WikiNews,172,2.0,0.23,0.0,0.0
WikiNews,173,1.0,0.11,0.0,0.0
WikiNews,174,1.0,0.11,0.0,0.0
WikiNews,178,1.0,0.11,0.0,0.0
WikiNews,180,0.0,0.0,1.0,0.11
WikiNews,181,0.0,0.0,1.0,0.11
WikiNews,182,1.0,0.11,0.0,0.0
WikiNews,186,0.0,0.0,1.0,0.11
WikiNews,187,2.0,0.23,1.0,0.11
WikiNews,190,1.0,0.11,1.0,0.11
WikiNews,191,0.0,0.0,1.0,0.11
WikiNews,195,1.0,0.11,1.0,0.11
WikiNews,197,1.0,0.11,1.0,0.11
WikiNews,198,1.0,0.11,0.0,0.0
WikiNews,199,0.0,0.0,1.0,0.11
WikiNews,200,1.0,0.11,0.0,0.0
WikiNews,202,0.0,0.0,1.0,0.11
WikiNews,205,0.0,0.0,1.0,0.11
WikiNews,208,1.0,0.11,0.0,0.0
WikiNews,212,1.0,0.11,0.0,0.0
WikiNews,215,1.0,0.11,0.0,0.0
WikiNews,226,0.0,0.0,1.0,0.11
WikiNews,227,1.0,0.11,0.0,0.0
Wikipedia,0,3241.0,56.38,4053.0,70.5
Wikipedia,1,981.0,17.06,688.0,11.97
Wikipedia,2,525.0,9.13,290.0,5.04
Wikipedia,3,314.0,5.46,201.0,3.5
Wikipedia,4,184.0,3.2,123.0,2.14
Wikipedia,5,96.0,1.67,63.0,1.1
Wikipedia,6,70.0,1.22,45.0,0.78
Wikipedia,7,49.0,0.85,45.0,0.78
Wikipedia,8,35.0,0.61,28.0,0.49
Wikipedia,9,38.0,0.66,24.0,0.42
Wikipedia,10,23.0,0.4,17.0,0.3
Wikipedia,11,19.0,0.33,19.0,0.33
Wikipedia,12,18.0,0.31,16.0,0.28
Wikipedia,13,17.0,0.3,8.0,0.14
Wikipedia,14,10.0,0.17,10.0,0.17
Wikipedia,15,8.0,0.14,11.0,0.19
Wikipedia,16,13.0,0.23,8.0,0.14
Wikipedia,17,3.0,0.05,4.0,0.07
Wikipedia,18,4.0,0.07,3.0,0.05
Wikipedia,19,7.0,0.12,7.0,0.12
Wikipedia,20,6.0,0.1,6.0,0.1
Wikipedia,21,5.0,0.09,2.0,0.03
Wikipedia,22,7.0,0.12,8.0,0.14
Wikipedia,23,2.0,0.03,8.0,0.14
Wikipedia,24,8.0,0.14,2.0,0.03
Wikipedia,25,3.0,0.05,2.0,0.03
Wikipedia,26,0.0,0.0,2.0,0.03
Wikipedia,27,6.0,0.1,4.0,0.07
Wikipedia,28,5.0,0.09,0.0,0.0
Wikipedia,29,1.0,0.02,1.0,0.02
Wikipedia,31,1.0,0.02,1.0,0.02
Wikipedia,32,2.0,0.03,3.0,0.05
Wikipedia,33,2.0,0.03,1.0,0.02
Wikipedia,36,0.0,0.0,3.0,0.05
Wikipedia,37,1.0,0.02,2.0,0.03
Wikipedia,38,1.0,0.02,1.0,0.02
Wikipedia,39,3.0,0.05,0.0,0.0
Wikipedia,40,2.0,0.03,1.0,0.02
Wikipedia,41,0.0,0.0,1.0,0.02
Wikipedia,42,1.0,0.02,1.0,0.02
Wikipedia,44,0.0,0.0,1.0,0.02
Wikipedia,45,3.0,0.05,2.0,0.03
Wikipedia,46,1.0,0.02,1.0,0.02
Wikipedia,47,2.0,0.03,2.0,0.03
Wikipedia,48,0.0,0.0,2.0,0.03
Wikipedia,49,2.0,0.03,0.0,0.0
Wikipedia,50,1.0,0.02,0.0,0.0
Wikipedia,52,0.0,0.0,1.0,0.02
Wikipedia,53,1.0,0.02,0.0,0.0
Wikipedia,56,1.0,0.02,2.0,0.03
Wikipedia,58,1.0,0.02,0.0,0.0
Wikipedia,59,1.0,0.02,1.0,0.02
Wikipedia,60,0.0,0.0,1.0,0.02
Wikipedia,61,1.0,0.02,0.0,0.0
Wikipedia,62,0.0,0.0,2.0,0.03
Wikipedia,63,2.0,0.03,0.0,0.0
Wikipedia,64,0.0,0.0,2.0,0.03
Wikipedia,67,1.0,0.02,1.0,0.02
Wikipedia,68,1.0,0.02,0.0,0.0
Wikipedia,69,1.0,0.02,1.0,0.02
Wikipedia,71,1.0,0.02,3.0,0.05
Wikipedia,72,2.0,0.03,0.0,0.0
Wikipedia,74,0.0,0.0,1.0,0.02
Wikipedia,75,1.0,0.02,2.0,0.03
Wikipedia,76,1.0,0.02,0.0,0.0
Wikipedia,77,1.0,0.02,0.0,0.0
Wikipedia,78,1.0,0.02,0.0,0.0
Wikipedia,80,1.0,0.02,1.0,0.02
Wikipedia,81,0.0,0.0,1.0,0.02
Wikipedia,84,1.0,0.02,0.0,0.0
Wikipedia,86,0.0,0.0,1.0,0.02
Wikipedia,88,1.0,0.02,0.0,0.0
Wikipedia,89,0.0,0.0,2.0,0.03
Wikipedia,92,2.0,0.03,1.0,0.02
Wikipedia,95,1.0,0.02,0.0,0.0
Wikipedia,98,0.0,0.0,1.0,0.02
Wikipedia,101,1.0,0.02,0.0,0.0
Wikipedia,104,0.0,0.0,1.0,0.02
Wikipedia,105,1.0,0.02,0.0,0.0
Wikipedia,155,0.0,0.0,2.0,0.03
Wikipedia,164,2.0,0.03,1.0,0.02
Wikipedia,165,1.0,0.02,0.0,0.0
Wikipedia,182,0.0,0.0,1.0,0.02
Wikipedia,185,1.0,0.02,0.0,0.0
ZAEBUC,0,1109.0,100.0,1109.0,100.0
chatGPT,0,418.0,93.1,449.0,100.0
chatGPT,1,21.0,4.68,0.0,0.0
chatGPT,2,10.0,2.23,0.0,0.0
